municipality,district,section1,section2,section3,section4,section5,section6,excluded,total
Aartselaar,Aartselaar,,,69,,,,60,129
Antwerpen,Albertdok,,,,,6,,372,378
Antwerpen,Antwerpen Kern-Oude Stad,,,,,,,238,238
Antwerpen,Berchem,,,,,,,163,163
Antwerpen,Borgerhout,,,,1,,,104,105
Antwerpen,Charlottalei,,,,,,,79,79
Antwerpen,Deurne,,,,79,,,161,240
Antwerpen,Ekeren,,,,,62,,,62
Antwerpen,Hoboken,,,,,,,133,133
Antwerpen,Linkeroever,,,,,,,80,80
Antwerpen,Merksem,,,,,5,,151,156
Antwerpen,Oude Haven,,,,,17,,130,147
Antwerpen,Schelde,,,,,,,2,2
Antwerpen,Sint-Amandus,,,,,,,60,60
Antwerpen,Sint-Catharina,,,,,,,93,93
Antwerpen,Sint-Laurentius,,,,,,,142,142
Antwerpen,Statiekwartier,,,,,,,161,161
Antwerpen,Waalse Kaai,,,,,,,51,51
Antwerpen,Wilrijk,,,,,,,232,232
Antwerpen,Zandvliet-kern,,,,,31,,23,54
Arendonk,Arendonk,149,,,,,,5,154
Baarle-Hertog,Baarle-Hertog,2,,,,,,19,21
Balen,Balen,,,,,,,151,151
Balen,Olmen,,,,,,,31,31
Beerse,Beerse,,,,,1,,127,128
Beerse,Vlimmeren,1,,,,,,16,17
Berlaar,Berlaar,,,,,,,94,94
Boechout,Boechout,,,,6,,,96,102
Boechout,Vremde,,,,35,,,6,41
Bonheiden,Bonheiden,,40,,,,,18,58
Bonheiden,Rijmenam,,48,,,,,,48
Boom,Boom,,,,,,,107,107
Bornem,Bornem,,,16,,,116,,132
Bornem,Hingene,,,3,,,38,,41
Bornem,Mariekerke,,,9,,,,,9
Bornem,Weert,,,,,,6,,6
Borsbeek,Borsbeek,,,,8,,,25,33
Brasschaat,Brasschaat,83,,,,65,,32,180
Brecht,Brecht,81,,,,,,13,94
Brecht,Sint-Job-in-'t-Goor,48,,,,,,,48
Brecht,Sint-Lenaarts,9,,,,,,66,75
Dessel,Dessel,,,,,,,80,80
Duffel,Duffel,,,92,,,,38,130
Edegem,Edegem,,,25,,,,66,91
Essen,Essen,,,,,115,,,115
Geel,Geel,,,,,,,338,338
Geel,Ten Aard,,,,,,,28,28
Grobbendonk,Bouwel,,,15,,,,,15
Grobbendonk,Grobbendonk,,,103,,,,3,106
Heist-op-den-Berg,Booischot,,,,,,,52,52
Heist-op-den-Berg,Hallaar,,,,,,,26,26
Heist-op-den-Berg,Heist-op-den-Berg,,10,,,,,190,200
Heist-op-den-Berg,Itegem,,,,,,,44,44
Heist-op-den-Berg,Schriek,,19,,,,,15,34
Heist-op-den-Berg,Wiekevorst,,,,,,,31,31
Hemiksem,Hemiksem,,,,,,,48,48
Herentals,Herentals,76,,63,,,,115,254
Herentals,Morkhoven,,,15,,,,1,16
Herentals,Noorderwijk,,,45,,,,10,55
Herenthout,Herenthout,,,78,,,,1,79
Herselt,Herselt,,,,,,90,13,103
Herselt,Ramsel,,,,,,29,,29
Hoogstraten,Hoogstraten,,,,,81,,7,88
Hoogstraten,Meer,,,,,112,,,112
Hoogstraten,Meerle,,,,,47,,,47
Hoogstraten,Minderhout,,,,,46,,,46
Hoogstraten,Wortel,,,,,,,18,18
Hove,Hove,,,6,,,,26,32
Hulshout,Houtvenne,,,,,,,22,22
Hulshout,Hulshout,,,,,,,57,57
Hulshout,Westmeerbeek,,,,,,1,20,21
Kalmthout,Kalmthout,,,,,129,,,129
Kapellen,Kapellen,,,,,104,,,104
Kapellen,Mariaburg,,,,,42,,,42
Kasterlee,Kasterlee,82,,,,,,,82
Kasterlee,Lichtaart,46,,,,,,5,51
Kasterlee,Tielen,25,,,,,,,25
Kontich,Kontich,,,158,,,,13,171
Kontich,Waarloos,,,18,,,,,18
Laakdal,Eindhout,,,,,,,31,31
Laakdal,Varendonk,,,,,,,4,4
Laakdal,Veerle,,,,,,,40,40
Laakdal,Vorst,,,,,,,39,39
Lier,Koningshooikt,,,2,,,,39,41
Lier,Lier,,,,,,,239,239
Lille,Gierle,46,,,,,,1,47
Lille,Lille,53,,,,,,1,54
Lille,Poederlee,28,,,,,,,28
Lille,Wechelderzande,32,,,,,,,32
Lint,Lint,,,29,,,,2,31
Malle,Oostmalle,87,,,,,,1,88
Malle,Westmalle,74,,,,,,,74
Mechelen,Heffen,,,,,20,,,20
Mechelen,Hombeek,,3,,,,,21,24
Mechelen,Leest,,,,,21,,2,23
Mechelen,Mechelen,,124,,,6,,449,579
Mechelen,Muizen,,30,,,,,3,33
Mechelen,Walem,,,,,,,13,13
Meerhout,Meerhout,,,,,,,99,99
Merksplas,Merksplas,,,,,,,112,112
Mol,Mol,,,,,,,302,302
Mortsel,Mortsel,,,,,,,96,96
Niel,Niel,,,,,,,47,47
Nijlen,Bevel,,,15,,,,,15
Nijlen,Kessel,,,33,,,,,33
Nijlen,Nijlen,,,59,,,,,59
Olen,Olen,,,,,,,146,146
Oud-Turnhout,Oud-Turnhout,40,,,,,,71,111
Putte,Beerzel,,5,,,,,42,47
Putte,Putte,,100,,,,,7,107
Puurs,Breendonk,,,1,,25,6,,32
Puurs,Liezele,,,3,,,8,,11
Puurs,Puurs,,,5,,,71,,76
Puurs,Ruisbroek,,,76,,1,3,,80
Ranst,Broechem,24,,,,,,9,33
Ranst,Emblem,5,,,,,,19,24
Ranst,Oelegem,44,,,,,,,44
Ranst,Ranst,38,,,1,,,,39
Ravels,Poppel,52,,,,,,,52
Ravels,Ravels,58,,,,,,,58
Ravels,Weelde,69,,,,,,3,72
Retie,Retie,2,,,,,,88,90
Rijkevorsel,Rijkevorsel,2,,,,15,,101,118
Rumst,Reet,,,24,,,,23,47
Rumst,Rumst,,,50,,,,2,52
Rumst,Terhagen,,,,,,,10,10
Schelle,Schelle,,,4,,,,56,60
Schilde,Schilde,69,,,1,,,,70
Schilde,'s-Gravenwezel,35,,,,,,1,36
Schoten,Schoten,20,,,6,1,,178,205
Sint-Amands,Lippelo,,,7,,,,,7
Sint-Amands,Oppuurs,,,11,,,3,,14
Sint-Amands,Sint-Amands,,,35,,,,,35
Sint-Katelijne-Waver,Onze-Lieve-Vrouw-Waver,,53,,,,,14,67
Sint-Katelijne-Waver,Sint-Katelijne-Waver,,67,5,,,,102,174
Stabroek,Hoevenen,,,,,19,,,19
Stabroek,Stabroek,,,,,20,,12,32
Turnhout,Turnhout,52,,,,,,353,405
Vorselaar,Vorselaar,1,,42,,,,,43
Vosselaar,Vosselaar,,,,,,,59,59
Westerlo,Oevel,,,,,,,58,58
Westerlo,Tongerlo,,,5,,,,58,63
Westerlo,Westerlo,,,49,,,,54,103
Westerlo,Zoerle-Parwijs,,,3,,,,8,11
Wijnegem,Wijnegem,6,,,73,,,15,94
Willebroek,Blaasveld,,,,,22,,,22
Willebroek,Heindonk,,,,,5,,,5
Willebroek,Tisselt,,,,,48,,,48
Willebroek,Willebroek,,,99,,46,,,145
Wommelgem,Wommelgem,,,,116,,,16,132
Wuustwezel,Loenhout,,,,,10,,48,58
Wuustwezel,Wuustwezel,,,,,118,,,118
Zandhoven,Massenhoven,,,21,,,,,21
Zandhoven,Pulderbos,18,,,,,,,18
Zandhoven,Pulle,3,,11,,,,,14
Zandhoven,Viersel,,,4,,,,,4
Zandhoven,Zandhoven,22,,18,,,,,40
Zoersel,Halle,34,,,,,,,34
Zoersel,Zoersel,78,,,,,,,78
Zwijndrecht,Burcht,,,,,,,48,48
Zwijndrecht,Zwijndrecht,,,,,,,72,72
Beauvechain,Beauvechain,,18,,,,,1,19
Beauvechain,Hamme-Mille,,22,,,,,,22
Beauvechain,L'Ecluse,,5,,,,,,5
Beauvechain,Nodebais,,12,,,,,,12
Beauvechain,Tourinnes-la-Grosse,,12,,,,,,12
Braine-l'Alleud,Braine-l'Alleud,211,,5,,,,1,217
Braine-l'Alleud,Lillois-Witterzée,6,,,28,,,,34
Braine-l'Alleud,Ophain-Bois-Seigneur-Isaac,26,,6,,,,,32
Braine-le-Château,Braine-le-Château,,,51,,,,,51
Braine-le-Château,Wauthier-Braine,1,,31,,,,,32
Chastre,Chastre-Villeroux-Blanmont,,,25,,,1,,26
Chastre,Cortil-Noirmont,,,12,,,,,12
Chastre,Gentinnes,,,7,,,,,7
Chastre,Saint-Géry,,,5,,,,,5
Chaumont-Gistoux,Bonlez,17,,,,,,,17
Chaumont-Gistoux,Chaumont-Gistoux,4,,,,,,45,49
Chaumont-Gistoux,Corroy-le-Grand,,,,,,6,21,27
Chaumont-Gistoux,Dion-Le-Mont,14,,,,,,19,33
Chaumont-Gistoux,Dion-Valmont,7,,,,,,,7
Chaumont-Gistoux,Longueville,4,,,,,,2,6
Court-Saint-Etienne,Court-Saint-Etienne,22,,,,,63,,85
Genappe,Baisy-Thy,27,,,,,,,27
Genappe,Bousval,31,,,,,,,31
Genappe,Genappe,10,,,,,,,10
Genappe,Glabais,10,,,,,,,10
Genappe,Houtain-le-Val,12,,,1,,,,13
Genappe,Loupoigne,12,,,,,,,12
Genappe,Vieux-Genappe,16,,,,,,,16
Genappe,Ways,14,,,,,,,14
Grez-Doiceau,Archennes,11,,,,,,7,18
Grez-Doiceau,Biez,13,,,,,,,13
Grez-Doiceau,Bossut-Gottechain,,,,,,,22,22
Grez-Doiceau,Grez-Doiceau,59,,,,,,8,67
Grez-Doiceau,Nethen,,,,,,,18,18
Hélécine,Linsmeau,,3,,,,,,3
Hélécine,Neerheylissem,,11,,,,,,11
Hélécine,Opheylissem,,9,,,,,,9
Incourt,Glimes,,11,,,,,,11
Incourt,Incourt,,6,,,,,,6
Incourt,Opprebais,,11,,,,,3,14
Incourt,Piétrebais,,9,,,,,,9
Incourt,Roux-Miroir,,5,,,,,,5
Ittre,Haut-Ittre,,,5,1,,,,6
Ittre,Ittre,,,32,2,,,,34
Ittre,Virginal-Samme,,,25,,,,,25
Jodoigne,Dongelberg,,7,,,,,,7
Jodoigne,Jauchelette,,7,,,,,,7
Jodoigne,Jodoigne,,43,,,,,,43
Jodoigne,Jodoigne-Souveraine,,8,,,,,,8
Jodoigne,Lathuy,,8,,,,,,8
Jodoigne,Mélin,,17,,,,,,17
Jodoigne,Piétrain,,12,,,,,,12
Jodoigne,Saint-Jean-Geest,,7,,,,,,7
Jodoigne,Saint-Remy-Geest,,4,,,,,,4
Jodoigne,Zétrud-Lumay,,6,,,,,,6
La Hulpe,La Hulpe,34,,,,17,,,51
Lasne,Couture-Saint-Germain,13,,,,,,,13
Lasne,Lasne-Chapelle-Saint-Lambert,47,,,,,,,47
Lasne,Maransart,10,,,,,,,10
Lasne,Ohain,78,,,,,,,78
Lasne,Plancenoit,18,,,,,,,18
Mont-Saint-Guibert,Corbais,,,,,,16,2,18
Mont-Saint-Guibert,Hevillers,,,1,,,19,,20
Mont-Saint-Guibert,Mont-Saint-Guibert,1,,,,,19,6,26
Nivelles,Baulers,,,7,12,,,,19
Nivelles,Bornival,,,3,4,,,,7
Nivelles,Monstreux,,,,5,,,,5
Nivelles,Nivelles,,,115,89,,,,204
Nivelles,Thines,,,6,,,,,6
Orp-Jauche,Enines,,6,,,,,,6
Orp-Jauche,Folx-Les-Caves,,5,,,,,,5
Orp-Jauche,Jandrain-Jandrenouille,,15,,,1,,,16
Orp-Jauche,Jauche,,12,,,,,,12
Orp-Jauche,Marilles,,8,,,,,,8
Orp-Jauche,Noduwez,,12,,,,,,12
Orp-Jauche,Orp-Le-Grand,,18,,,,,,18
Ottignies-Louvain-la-Neuve,Céroux-Mousty,37,,,,,,,37
Ottignies-Louvain-la-Neuve,La Baraque,1,,,,,,19,20
Ottignies-Louvain-la-Neuve,Limelette,43,,,,,,,43
Ottignies-Louvain-la-Neuve,Ottignies,79,,,,,,76,155
Perwez,Malèves-Sainte-Marie-Wastines,,6,,,,,,6
Perwez,Orbais,,9,,,,,,9
Perwez,Perwez,,1,44,,,,,45
Perwez,Thorembais-les-Béguines,,10,,,,,,10
Perwez,Thorembais-Saint-Trond,,19,,,,,,19
Ramillies,Autre-Eglise,,10,,,,,,10
Ramillies,Bomal,,4,,,,,,4
Ramillies,Geest-Gérompont-Petit-Rosière,,13,,,,,,13
Ramillies,Grand-Rosière-Hottomont,,7,,,,,,7
Ramillies,Huppaye,,9,,,,,,9
Ramillies,Mont-Saint-André,,11,,,,,,11
Ramillies,Ramillies-Offus,,10,,,,,,10
Rebecq,Bierghes,,,18,,,,,18
Rebecq,Quenast,,,16,,,,,16
Rebecq,Rebecq-Rognon,,,40,,,,,40
Rebecq,Wisbecq,,,7,,,,,7
Rixensart,Genval,30,,,,26,,,56
Rixensart,Rixensart,12,,,,62,,,74
Rixensart,Rosières,,,,,17,,,17
Tubize,Clabecq,,,25,,,,2,27
Tubize,Oisquercq,,,19,,,,1,20
Tubize,Saintes,,,24,,,,,24
Tubize,Tubize,,,93,,,,,93
Villers-la-Ville,Marbais,,,,19,,,,19
Villers-la-Ville,Mellery,,,,4,,1,,5
Villers-la-Ville,Sart-Dames-Avelines,,,,20,,,,20
Villers-la-Ville,Tilly,,,,15,,,,15
Villers-la-Ville,Villers-la-Ville,,,,15,,,,15
Walhain,Nil-Saint-Vincent-Saint-Martin,,,,,,16,,16
Walhain,Tourinnes-Saint-Lambert,,,,,,17,,17
Walhain,Walhain-Saint-Paul,,,,,,22,,22
Waterloo,Waterloo,235,,,,,,,235
Wavre,Bierges,84,,,,3,,,87
Wavre,Limal,93,,,,,,2,95
Wavre,Wavre,206,,,,,,1,207
Anderlecht,Anderlecht,,,,,,,309,309
Anderlecht,Kanaal-Spoor Oost / Canal-Voie Est,,,,,,,223,223
Anderlecht,Ring West / Ring Ouest,,,,,,,77,77
Brussel / Bruxelles,Pentagoon / Pentagone,,,,,,,736,736
Brussel / Bruxelles,Antwerpse Steenweg / Chausséed'Anvers,,,,,,,134,134
Brussel / Bruxelles,Louisa / Louise,,,,,,,167,167
Brussel / Bruxelles,Wetstraat / Rue de la Loi,,,,,,,365,365
Brussel / Bruxelles,Haren,,,,,,,107,107
Brussel / Bruxelles,Laken,,,,,,,193,193
Brussel / Bruxelles,Neder-over-Heembeek,,,,,,,119,119
Elsene /Ixelles,Elsene / Ixelles,,,,,,,389,389
Etterbeek,Etterbeek,,,,,,,207,207
Evere,Evere,,,,,,,219,219
Ganshoren,Ganshoren,,,,,,,82,82
Jette,Jette,,,,,,,149,149
Koekelberg,Koekelberg,,,,,,,80,80
Oudergem / Auderghem,Oudergem / Auderghem,,,,,1,,199,200
Schaarbeek / Schaerbeek,Schaarbeek / Schaerbeek,,,,,,,348,348
Sint-Agatha-Berchem / Berchem-Sainte-Agathe,Sint-Agatha-Berchem / Berchem-Sainte-Agathe,,,,,,,120,120
Sint-Gillis / Saint-Gilles,Sint-Gillis / Saint-Gilles,,,,,,,187,187
Sint-Jans-Molenbeek / Molenbeek-Saint-Jean,Sint-Jans-Molenbeek / Molenbeek-Saint-Jean,,,,,,,331,331
Sint-Joost-ten-Node / Saint-Josse-Ten-Noode,Sint-Joost-ten-Node / Saint-Josse-Ten-Noode,,,,,,,126,126
Sint-Lambrechts-Woluwe / Woluwé-Saint-Lambert,Sint-Lambrechts-Woluwe / Woluwé-Saint-Lambert,,,,,,,302,302
Sint-Pieters-Woluwe / Woluwé-Saint-Pierre,Sint-Pieters-Woluwe / Woluwé-Saint-Pierre,,,,,,,229,229
Ukkel / Uccle,Ukkel / Uccle,,,,,55,,445,500
Vorst / Forest,Vorst / Forest,,,,,,,263,263
Watermaal-Bosvoorde / Watermael-Boitsfort,Watermaal-Bosvoorde / Watermael-Boitsfort,,,,,,,125,125
Aiseau-Presles,Aiseau,,,,20,,,1,21
Aiseau-Presles,Pont-de-Loup,,,,19,,,,19
Aiseau-Presles,Presles,,,,14,,,,14
Aiseau-Presles,Roselies,,,,13,,,,13
Anderlues,Anderlues,,4,,,,79,,83
Antoing,Antoing,21,,,,,,,21
Antoing,Bruyelle,5,,,,,,,5
Antoing,Calonne,6,,,,,,,6
Antoing,Fontenoy,4,,,,,,,4
Antoing,Maubray,5,,,,,,,5
Antoing,Péronnes-lez-Antoing,12,,,,,,,12
Ath,Arbre,,,,,5,,,5
Ath,Ath,82,,,,6,,,88
Ath,Bouvignies,6,,,,,,,6
Ath,Ghislenghien,,,14,,,,,14
Ath,Gibecq,,,4,,3,,,7
Ath,Houtaing,3,,,,,,,3
Ath,Irchonwelz,8,,,,,,1,9
Ath,Isières,3,,5,,,,,8
Ath,Lanquesaint,3,,,,,,,3
Ath,Ligne,7,,,,,,,7
Ath,Maffle,1,,,,8,,,9
Ath,Mainvault,13,,,,,,,13
Ath,Meslin-l'Evêque,2,,19,,,,,21
Ath,Moulbaix,,,,,3,,,3
Ath,Ormeignies,,,,,11,,,11
Ath,Ostiches,9,,,,,,,9
Ath,Rebaix,4,,3,,,,,7
Ath,Villers-Notre-Dame,3,,,,,,,3
Ath,Villers-Saint-Amand,6,,,,,,,6
Beaumont,Barbençon,,,14,,,,,14
Beaumont,Beaumont,,,27,,,,,27
Beaumont,Leugnies,,,8,,,,,8
Beaumont,Leval-Chaudeville,,,10,,,,,10
Beaumont,Renlies,,,11,,,,,11
Beaumont,Solre-Saint-Géry,,,19,,,,,19
Beaumont,Strée,,,25,,,,,25
Beaumont,Thirimont,,1,14,,,,,15
Beloeil,Aubechies,,,,,1,,,1
Beloeil,Basècles,,,,,20,,,20
Beloeil,Beloeil,,,,,16,,,16
Beloeil,Ellignies-Sainte-Anne,,,,,12,,,12
Beloeil,Quevaucamps,,,,,18,,,18
Beloeil,Ramegnies,,,,,1,,,1
Beloeil,Stambruges,,,,,14,,,14
Beloeil,Thumaide,,,,,5,,,5
Beloeil,Wadelincourt,,,,,3,,,3
Bernissart,Bernissart,,,,,23,,,23
Bernissart,Blaton,,,,,34,,,34
Bernissart,Pommeroeul,,,,,20,,,20
Binche,Binche,,45,,,,,,45
Binche,Bray,,19,,,,,,19
Binche,Buvrinnes,,31,,,,,,31
Binche,Epinois,,13,,,,,,13
Binche,Leval-Trahegnies,,19,,,,,13,32
Binche,Péronnes-lez-Binche,,22,,,,,4,26
Binche,Ressaix,,26,,,,,,26
Binche,Waudrez,,24,,,,,,24
Boussu,Boussu,,,,,49,,7,56
Boussu,Hornu,,,,,25,,24,49
Braine-le-Comte,Braine-le-Comte,,,105,,,,,105
Braine-le-Comte,Hennuyères,,,29,,,,,29
Braine-le-Comte,Henripont,,,3,,,,,3
Braine-le-Comte,Petit-Roeulx-lez-Braine,,,9,,,,,9
Braine-le-Comte,Ronquières,,,17,,,,,17
Braine-le-Comte,Steenkerque,,,16,,,,,16
Brugelette,Attre,,,,,7,,,7
Brugelette,Brugelette,,,,,13,,,13
Brugelette,Cambron-Casteau,,,,,4,,,4
Brugelette,Gages,,,,,2,,,2
Brugelette,Mévergnies-lez-Lens,,,,,4,,,4
Brunehaut,Bléharies,9,,,,,,,9
Brunehaut,Guignies,4,,,,,,,4
Brunehaut,Hollain,12,,,,,,,12
Brunehaut,Howardries,1,,,,,,,1
Brunehaut,Jollain-Merlin,4,,,,,,,4
Brunehaut,Laplaigne,7,,,,,,,7
Brunehaut,Lesdain,2,,,,,,,2
Brunehaut,Rongy,7,,,,,,,7
Brunehaut,Wez-Velvain,7,,,,,,,7
Celles,Celles,,,,,,,21,21
Celles,Escanaffles,,,,,,,24,24
Celles,Molenbaix,,,,,,,12,12
Celles,Popuelles,5,,,,,,,5
Celles,Pottes,,,,,,,20,20
Celles,Velaines,3,,,,,,15,18
Chapelle-lez-Herlaimont,Chapelle-lez-Herlaimont,,44,,4,,,,48
Chapelle-lez-Herlaimont,Godarville,,,,13,,,,13
Chapelle-lez-Herlaimont,Piéton,,12,,,,3,,15
Charleroi,Charleroi,,,,,,28,99,127
Charleroi,Couillet,,,,,,,51,51
Charleroi,Dampremy,,,,,,3,21,24
Charleroi,Gilly,,,,5,,66,13,84
Charleroi,Gosselies,,,,1,,82,,83
Charleroi,Goutroux,,,,,,,11,11
Charleroi,Jumet,,,,,,78,,78
Charleroi,Lodelinsart,,,,,,33,4,37
Charleroi,Marchienne-au-Pont,,,,,,15,43,58
Charleroi,Marcinelle,,,,,,,108,108
Charleroi,Monceau-sur-Sambre,,,,,,1,38,39
Charleroi,Montignies-sur-Sambre,,,,,,1,68,69
Charleroi,Mont-sur-Marchienne,,,,,,,54,54
Charleroi,Ransart,,,,,,36,,36
Charleroi,Roux,,,,,,38,2,40
Châtelet,Bouffioulx,,,,16,,,16,32
Châtelet,Châtelet,,,,57,,,2,59
Châtelet,Châtelineau,,,,58,,1,11,70
Chièvres,Chièvres,,,,,26,,,26
Chièvres,Grosage,,,,,3,,,3
Chièvres,Huissignies,,,,,7,,,7
Chièvres,Ladeuze,,,,,13,,,13
Chièvres,Tongre-Notre-Dame,,,,,8,,,8
Chièvres,Tongre-Saint-Martin,,,,,1,,,1
Chimay,Baileux,,,,,,,,0
Chimay,Bailièvre,,,,,,,,0
Chimay,Bourlers,,,,,,,,0
Chimay,Chimay,,,,,,,,0
Chimay,Forges,,,,,,,,0
Chimay,l'Escaillère,,,,,,,,0
Chimay,Lompret,,,,,,,,0
Chimay,Riezes,,,,,,,,0
Chimay,Robechies,,,,,,,,0
Chimay,Saint-Remy,,,,,,,,0
Chimay,Salles,,,,,,,,0
Chimay,Vaulx,,,,,,,,0
Chimay,Villers-la-Tour,,,,,,,,0
Chimay,Virelles,,,,,,,,0
Colfontaine,Pâturages,,,,,26,,,26
Colfontaine,Warquignies,,,,,3,,,3
Colfontaine,Wasmes,,,,,47,,3,50
Comines-Warneton,Bas-Warneton,,,,,,,15,15
Comines-Warneton,Comines,,,,,,,93,93
Comines-Warneton,Houthem,,,,,,,9,9
Comines-Warneton,Ploegsteert,,,,,,,51,51
Comines-Warneton,Warneton,,,,,,,40,40
Courcelles,Courcelles,,,,57,,21,,78
Courcelles,Gouy-lez-Piéton,,,2,38,,,,40
Courcelles,Souvret,,,,18,,1,,19
Courcelles,Trazegnies,,,,33,,,,33
Dour,Blaugies,,,,,15,,,15
Dour,Dour,,,,,55,,,55
Dour,Elouges,,,,,22,,,22
Dour,Wihéries,,,,,11,,,11
Ecaussinnes,Ecaussinnes-d'Enghien,,,54,,,,,54
Ecaussinnes,Ecaussinnes-Lalaing,,,11,,,,,11
Ecaussinnes,Marche-lez-Ecaussinnes,,,16,,,,3,19
Ellezelles,Ellezelles,,,,,,,54,54
Ellezelles,Lahamaide,9,,,,,,,9
Ellezelles,Wodecq,3,,12,,,,,15
Enghien,Enghien,,,18,,,,,18
Enghien,Marcq,,,32,,,,,32
Enghien,Petit-Enghien,,,56,,,,,56
Erquelinnes,Bersillies-l'Abbaye,,7,,,,,,7
Erquelinnes,Erquelinnes,,22,,,,,,22
Erquelinnes,Grand-Reng,,15,,,,,,15
Erquelinnes,Hantes-Wihéries,,6,,,,,,6
Erquelinnes,Montignies-Saint-Christophe,,8,,,,,,8
Erquelinnes,Solre-Sur-Sambre,,28,,,,,,28
Estaimpuis,Bailleul,18,,,,,,,18
Estaimpuis,Estaimbourg,30,,,,,,,30
Estaimpuis,Estaimpuis,46,,,,,,,46
Estaimpuis,Evregnies,28,,,,,,,28
Estaimpuis,Leers-Nord,24,,,,,,,24
Estaimpuis,Néchin,42,,,,,,,42
Estaimpuis,Saint-Léger,41,,,,,,,41
Estinnes,Croix-lez-Rouveroy,,6,,,,,,6
Estinnes,Estinnes-au-Mont,,17,,,,,,17
Estinnes,Estinnes-au-Val,,9,,,,,,9
Estinnes,Fauroeulx,,7,,,,,,7
Estinnes,Haulchin,,11,,,,,,11
Estinnes,Peissant,,14,,,,,,14
Estinnes,Rouveroy,,13,,,,,,13
Estinnes,Vellereille-les-Brayeux,,14,,,,,,14
Estinnes,Vellereille-le-Sec,,6,,,,,,6
Farciennes,Farciennes,,,,42,,,2,44
Farciennes,Pironchamps,,,,7,,,,7
Fleurus,Brye,,,,5,,,,5
Fleurus,Fleurus,,,,1,,1,54,56
Fleurus,Heppignies,,,,,,,19,19
Fleurus,Lambusart,,,,,,,16,16
Fleurus,Saint-Amand,,,,16,,,,16
Fleurus,Wagnelée,,,,7,,,,7
Fleurus,Wanfercée-Baulet,,,,,,,30,30
Fleurus,Wangenies,,,,,,,9,9
Flobecq,Flobecq,,,40,,,,,40
Fontaine-l'Evêque,Fontaine-l'Evêque,,,,,,52,2,54
Fontaine-l'Evêque,Forchies-la-Marche,,,,1,,32,,33
Fontaine-l'Evêque,Leernes,,,,,,29,3,32
Frameries,Eugies,,,,,13,,,13
Frameries,Frameries,,30,,,22,,,52
Frameries,La Bouverie,,,,,27,,,27
Frameries,Noirchain,,3,,,,,,3
Frameries,Sars-la-Bruyère,,,,,8,,,8
Frasnes-lez-Anvaing,Anvaing,,,,,,,19,19
Frasnes-lez-Anvaing,Arc-Ainières,,,,,,,15,15
Frasnes-lez-Anvaing,Buissenal,8,,,,,,,8
Frasnes-lez-Anvaing,Cordes,4,,,,,,1,5
Frasnes-lez-Anvaing,Dergneau,,,,,,,11,11
Frasnes-lez-Anvaing,Forest,9,,,,,,,9
Frasnes-lez-Anvaing,Frasnes-lez-Buissenal,41,,,,,,,41
Frasnes-lez-Anvaing,Hacquegnies,7,,,,,,,7
Frasnes-lez-Anvaing,Herquegies,3,,,,,,,3
Frasnes-lez-Anvaing,Montroeul-au-Bois,7,,,,,,,7
Frasnes-lez-Anvaing,Moustier,7,,,,,,,7
Frasnes-lez-Anvaing,Oeudeghien,10,,,,,,,10
Frasnes-lez-Anvaing,Saint-Sauveur,,,,,,,27,27
Frasnes-lez-Anvaing,Wattripont,,,,,,,3,3
Froidchapelle,Boussu-lez-Walcourt,,,17,,,,2,19
Froidchapelle,Erpion,,,7,,,,,7
Froidchapelle,Froidchapelle,,,44,,,,1,45
Froidchapelle,Vergnies,,,7,,,,,7
Gerpinnes,Acoz,,,20,,,,,20
Gerpinnes,Gerpinnes,,,58,,,,2,60
Gerpinnes,Gougnies,,,11,,,,,11
Gerpinnes,Joncret,,,11,,,,,11
Gerpinnes,Loverval,,,,,,,17,17
Gerpinnes,Villers-Poterie,,,7,,,,,7
Ham-sur-Heure-Nalinnes,Cour-sur-Heure,,,,,,8,,8
Ham-sur-Heure-Nalinnes,Ham-sur-Heure,,,,,,31,8,39
Ham-sur-Heure-Nalinnes,Jamioulx,,,,,,,15,15
Ham-sur-Heure-Nalinnes,Marbaix,,,,,,6,2,8
Ham-sur-Heure-Nalinnes,Nalinnes,,,,,,21,40,61
Hensies,Hainin,,,,,4,,,4
Hensies,Hensies,,,,,15,,,15
Hensies,Montroeul-sur-Haine,,,,,7,,,7
Hensies,Thulin,,,,,18,,,18
Honnelles,Angre,,,,,6,,,6
Honnelles,Angreau,,,,,6,,,6
Honnelles,Athis,,,,,8,,,8
Honnelles,Autreppe,,,,,4,,,4
Honnelles,Erquennes,,,,,11,,,11
Honnelles,Fayt-le-Franc,,,,,2,,,2
Honnelles,Marchipont,,,,,2,,,2
Honnelles,Montignies-sur-Roc,,,,,4,,,4
Honnelles,Onnezies,,,,,2,,,2
Honnelles,Roisin,,,,,21,,,21
Jurbise,Erbaut,,,,,5,,,5
Jurbise,Erbisoeul,,,,,15,,,15
Jurbise,Herchies,,,,,32,,,32
Jurbise,Jurbise,,,,,19,,,19
Jurbise,Masnuy-Saint-Jean,,,,,24,,,24
Jurbise,Masnuy-Saint-Pierre,,,,,7,,,7
La Louvière,Besonrieux,,,7,,,,6,13
La Louvière,Boussoit,,7,,,,,,7
La Louvière,Haine-Saint-Paul,,11,,,,,26,37
La Louvière,Haine-Saint-Pierre,,21,,,,,12,33
La Louvière,Houdeng-Aimeries,,13,,,,,21,34
La Louvière,Houdeng-Goegnies,,1,,,,,53,54
La Louvière,La Louvière,,7,2,,,,100,109
La Louvière,Maurage,,26,,,,,,26
La Louvière,Saint-Vaast,,1,,,,,30,31
La Louvière,Strépy-Bracquegnies,,48,,,,,,48
La Louvière,Trivières,,18,,,,,2,20
Le Roeulx,Le Roeulx,,32,,,,,1,33
Le Roeulx,Mignault,,,1,,,,17,18
Le Roeulx,Thieu,,16,,,,,,16
Le Roeulx,Ville-sur-Haine,,27,,,,,,27
Lens,Bauffe,,,,,6,,,6
Lens,Cambron-Saint-Vincent,,,,,8,,,8
Lens,Lens,,,,,18,,,18
Lens,Lombise,,,,,7,,,7
Lens,Montignies-lez-Lens,,,,,12,,,12
Les Bons Villers,Frasnes-lez-Gosselies,,,,25,,,,25
Les Bons Villers,Mellet,,,,22,,,1,23
Les Bons Villers,Rèves,,,,26,,,,26
Les Bons Villers,Villers-Perwin,,,,10,,,,10
Les Bons Villers,Wayaux,,,,3,,,7,10
Lessines,Bois-de-Lessines,,,16,,,,,16
Lessines,Deux-Acren,,,26,,,,2,28
Lessines,Ghoy,,,10,,,,,10
Lessines,Lessines,,,47,,,,,47
Lessines,Ogy,1,,9,,,,,10
Lessines,Ollignies,,,15,,,,,15
Lessines,Papignies,6,,8,,,,,14
Leuze-en-Hainaut,Blicquy,,,,,5,,,5
Leuze-en-Hainaut,Chapelle-à-Oie,3,,,,1,,,4
Leuze-en-Hainaut,Chapelle-à-Wattines,13,,,,,,,13
Leuze-en-Hainaut,Gallaix,3,,,,,,,3
Leuze-en-Hainaut,Grandmetz,9,,,,,,,9
Leuze-en-Hainaut,Leuze,47,,,,1,,,48
Leuze-en-Hainaut,Pipaix,10,,,,,,,10
Leuze-en-Hainaut,Thieulain,15,,,,,,,15
Leuze-en-Hainaut,Tourpes,,,,,9,,,9
Leuze-en-Hainaut,Willaupuis,1,,,,2,,,3
Lobbes,Bienne-lez-Happart,,8,,,,,,8
Lobbes,Lobbes,,36,,,,,,36
Lobbes,Mont-Sainte-Geneviève,,15,,,,,,15
Lobbes,Sars-la-Buissière,,20,,,,,,20
Manage,Bellecourt,,13,,,,,,13
Manage,Bois-d'Haine,,21,6,,,,,27
Manage,Fayt-lez-Manage,,29,,,,,,29
Manage,La Hestre,,19,,,,,,19
Manage,Manage,,28,27,,,,,55
Merbes-le-Château,Fontaine-Valmont,,15,,,,,,15
Merbes-le-Château,Labuissière,,11,,,,,,11
Merbes-le-Château,Merbes-le-Château,,12,,,,,,12
Merbes-le-Château,Merbes-Sainte-Marie,,10,,,,,,10
Momignies,Beauwelz,,,,,,,,0
Momignies,Forge-Philippe,,,,,,,,0
Momignies,Macon,,,,,,,,0
Momignies,Macquenoise,,,,,,,,0
Momignies,Momignies,,,,,,,,0
Momignies,Monceau-Imbrechies,,,,,,,,0
Momignies,Seloignes,,,,,,,,0
Mons,Ciply,,4,,,,,,4
Mons,Cuesmes,,22,,,,,22,44
Mons,Flénu,,,,,16,,6,22
Mons,Ghlin,,7,,,9,,40,56
Mons,Harmignies,,10,,,,,,10
Mons,Harveng,,5,,,,,,5
Mons,Havré,,35,,,,,,35
Mons,Hyon,,20,,,,,1,21
Mons,Jemappes,,4,,,,,36,40
Mons,Maisières,,,,,7,,15,22
Mons,Mesvin,,8,,,,,,8
Mons,Mons,,110,,,,,153,263
Mons,Nimy,,21,,,,,3,24
Mons,Nouvelles,,4,,,,,,4
Mons,Obourg,,22,,,,,6,28
Mons,Saint-Symphorien,,24,,,,,,24
Mons,Spiennes,,3,,,,,,3
Mons,Villers-Saint-Ghislain,,4,,,,,,4
Mont-de-l'Enclus,Amougies,,,,,,,21,21
Mont-de-l'Enclus,Anseroeul,,,,,,,17,17
Mont-de-l'Enclus,Orroir,,,,,,,12,12
Mont-de-l'Enclus,Russeignies,,,,,,,7,7
Montigny-le-Tilleul,Landelies,,,,,,,12,12
Montigny-le-Tilleul,Montigny-le-Tilleul,,,,,,2,66,68
Morlanwelz,Carnières,,41,,,,,1,42
Morlanwelz,Mont-Sainte-Aldegonde,,,,,,,10,10
Morlanwelz,Morlanwelz-Mariemont,,55,,,,,2,57
Mouscron,Dottignies,150,,,,,,30,180
Mouscron,Herseaux,21,,,,,,45,66
Mouscron,Luingne,,,,,,,56,56
Mouscron,Mouscron,,,,,,,300,300
Pecq,Esquelmes,4,,,,,,,4
Pecq,Hérinnes,2,,,,,,10,12
Pecq,Obigies,,,,,,,5,5
Pecq,Pecq,61,,,,,,,61
Pecq,Warcoing,25,,,,,,,25
Péruwelz,Baugnies,3,,,,,,,3
Péruwelz,Bon-Secours,,,,,10,,,10
Péruwelz,Braffe,2,,,,1,,,3
Péruwelz,Brasmenil,3,,,,,,,3
Péruwelz,Bury,4,,,,4,,,8
Péruwelz,Callenelle,5,,,,,,,5
Péruwelz,Péruwelz,1,,,,65,,,66
Péruwelz,Roucourt,7,,,,1,,,8
Péruwelz,Wasmes-Audemez-Briffoeil,6,,,,,,,6
Péruwelz,Wiers,3,,,,16,,,19
Pont-à-Celles,Buzet,,,1,11,,,,12
Pont-à-Celles,Luttre,,,,24,,,,24
Pont-à-Celles,Obaix,,,,10,,,,10
Pont-à-Celles,Pont-à-Celles,,,,36,,,,36
Pont-à-Celles,Thiméon,,,,18,,1,,19
Pont-à-Celles,Viesville,,,,13,,3,,16
Quaregnon,Quaregnon,,,,,31,,36,67
Quaregnon,Wasmuel,,,,,,,13,13
Quévy,Asquillies,,3,,,,,,3
Quévy,Aulnois,,1,,,11,,,12
Quévy,Blaregnies,,2,,,12,,,14
Quévy,Bougnies,,6,,,,,,6
Quévy,Genly,,8,,,,,,8
Quévy,Givry,,31,,,,,,31
Quévy,Goegnies-Chaussée,,7,,,,,,7
Quévy,Havay,,10,,,,,,10
Quévy,Quévy-le-Grand,,15,,,1,,,16
Quévy,Quévy-le-Petit,,13,,,,,,13
Quiévrain,Audregnies,,,,,9,,,9
Quiévrain,Baisieux,,,,,12,,,12
Quiévrain,Quiévrain,,,,,36,,,36
Rumes,La Glanerie,7,,,,,,,7
Rumes,Rumes,14,,,,,,,14
Rumes,Taintignies,21,,,,,,,21
Saint-Ghislain,Baudour,,,,,22,,25,47
Saint-Ghislain,Hautrage,,,,,21,,1,22
Saint-Ghislain,Neufmaison,,,,,5,,,5
Saint-Ghislain,Saint-Ghislain,,,,,,,33,33
Saint-Ghislain,Sirault,,,,,38,,,38
Saint-Ghislain,Tertre,,,,,,,30,30
Saint-Ghislain,Villerot,,,,,6,,1,7
Seneffe,Arquennes,,,43,,,,,43
Seneffe,Familleureux,,,10,,,,4,14
Seneffe,Feluy,,,43,,,,,43
Seneffe,Petit-Roeulx-lez-Nivelles,,,10,,,,,10
Seneffe,Seneffe,,2,67,,,,,69
Silly,Bassilly,,,24,,,,,24
Silly,Fouleng,,,,,2,,,2
Silly,Gondregnies,,,1,,4,,,5
Silly,Graty,,,16,,,,,16
Silly,Hellebecq,,,9,,,,,9
Silly,Hoves,,,18,,,,,18
Silly,Silly,,,20,,,,,20
Silly,Thoricourt,,,1,,5,,,6
Sivry-Rance,Grandrieu,,,16,,,,,16
Sivry-Rance,Montbliart,,,10,,,,,10
Sivry-Rance,Rance,,,24,,,,,24
Sivry-Rance,Sautin,,,12,,,,,12
Sivry-Rance,Sivry,,,27,,,,,27
Soignies,Casteau,,2,,,18,,,20
Soignies,Chaussée-Notre-Dame-Louvignies,,,,,17,,,17
Soignies,Horrues,,,30,,1,,,31
Soignies,Naast,,15,11,,,,2,28
Soignies,Neufvilles,,,4,,35,,,39
Soignies,Soignies,,2,88,,,,,90
Soignies,Thieusies,,19,,,1,,,20
Thuin,Biercée,,11,,,,,,11
Thuin,Biesme-sous-Thuin,,,,,,9,,9
Thuin,Donstiennes,,,,,,5,,5
Thuin,Gozée,,12,,,,26,2,40
Thuin,Leers-Et-Fosteau,,6,,,,,,6
Thuin,Ragnies,,4,,,,2,,6
Thuin,Thuillies,,,,,,21,,21
Thuin,Thuin,,46,,,,,,46
Tournai,Barry-Maulde,16,,,,,,,16
Tournai,Beclers-Thimougies,18,,,,,,,18
Tournai,Blandin-Hertain,29,,,,,,,29
Tournai,Chercq,8,,,,,,,8
Tournai,Esplechin,12,,,,,,,12
Tournai,Froyennes,8,,,,,,21,29
Tournai,Gaurain-Ramecroix,29,,,,,,,29
Tournai,Havinnes,8,,,,,,5,13
Tournai,Kain-Mont-Saint-Aubert,3,,,,,,59,62
Tournai,Melles-Quartes,3,,,,,,3,6
Tournai,Orcq-Marquain-Lamain,31,,,,,,,31
Tournai,Ramegnies-Chin,6,,,,,,5,11
Tournai,Rumillies-Mourcourt,,,,,,,24,24
Tournai,Saint-Maur-Ere,5,,,,,,,5
Tournai,Templeuve,29,,,,,,,29
Tournai,Tournai,170,,,,,,70,240
Tournai,Vaulx,17,,,,,,,17
Tournai,Vezon,10,,,,,,,10
Tournai,Warchin,1,,,,,,7,8
Tournai,Willemeau-Froidmont,14,,,,,,,14
Amay,Amay,,,,60,,,,60
Amay,Ampsin,,,,22,1,,,23
Amay,Flône,,,,3,,,,3
Amay,Jehay-Bodegnee,,,,13,,,,13
Amay,Ombret-Rawsa,,,,2,,,6,8
Amel,Amel,,82,,,,,,82
Amel,Heppenbach,,36,,,,,,36
Amel,Meyerode,,16,,,,,,16
Ans,Alleur,,,,,90,,,90
Ans,Ans,,,,,69,32,,101
Ans,Loncin,,,,,25,7,,32
Ans,Xhendremael,,,,,12,,,12
Anthisnes,Anthisnes,,,,,,,20,20
Anthisnes,Hody,,,,,,,7,7
Anthisnes,Tavier,,,,3,,,5,8
Anthisnes,Villers-aux-Tours,,,,,,,6,6
Aubel,Aubel,,97,,,,,,97
Awans,Awans,,,,,32,,,32
Awans,Fooz,,,,,4,,,4
Awans,Hognoul,,,,,14,,,14
Awans,Othee,,,,,11,,,11
Awans,Villers-l'Evêque,,,,,15,,,15
Aywaille,Aywaille,,,,,,,54,54
Aywaille,Ernonheid,,,,,,,5,5
Aywaille,Harzé,,,,,,,26,26
Aywaille,Sougné-Remouchamps,,,,,,,46,46
Baelen,Baelen,,,,,,,43,43
Baelen,Membach,,,,,,,19,19
Bassenge,Bassenge,,,,,,11,,11
Bassenge,Boirs,,,,,4,4,,8
Bassenge,Eben-Emael,,8,,,,,,8
Bassenge,Glons,,,,,9,,,9
Bassenge,Roclenge-Sur-Geer,,,,,,9,,9
Bassenge,Wonck,,4,,,1,,,5
Berloz,Berloz,,,,,10,,,10
Berloz,Corswarem,,,,,7,,1,8
Berloz,Rosoux-Crenwick,,,,,10,,,10
Beyne-Heusay,Bellaire,,1,,,,,4,5
Beyne-Heusay,Beyne-Heusay,,,,,,31,1,32
Beyne-Heusay,Queue-du-Bois,,,,,,7,4,11
Blégny,Barchon,,32,,,,,,32
Blégny,Housse,,9,,,,,,9
Blégny,Mortier,,4,,,,2,,6
Blégny,Saint-Remy,,9,,,,,,9
Blégny,Saive,,28,,,,,4,32
Blégny,Trembleur,,26,,,,2,,28
Braives,Avennes,,,,,7,,,7
Braives,Braives,,,,,12,,,12
Braives,Ciplet,,,,,8,,,8
Braives,Fallais,,,,,8,,,8
Braives,Fumal,,,,,8,,,8
Braives,Latinne,,,,,6,,,6
Braives,Tourinne,,,,,2,,,2
Braives,Ville-en-Hesbaye,,,,,7,,,7
Büllingen,Büllingen,,10,,,,,52,62
Büllingen,Manderfeld,,29,,,,,6,35
Büllingen,Rocherath,,,,,,,26,26
Burdinne,Burdinne,,,,6,,,,6
Burdinne,Hanneche,,,,4,,,,4
Burdinne,Lamontzée,,,,1,,,,1
Burdinne,Marneffe,,,,9,1,,,10
Burdinne,Oteppe,,,,10,,,,10
Burg-Reuland,Burg-Reuland,,51,,,,,,51
Burg-Reuland,Thommen,,47,,,,,,47
Bütgenbach,Bütgenbach,,,,,,,66,66
Bütgenbach,Elsenborn,,,,,,,30,30
Chaudfontaine,Beaufays,,,,,,28,7,35
Chaudfontaine,Chaudfontaine,,,,,,26,,26
Chaudfontaine,Embourg,,,,,,52,2,54
Chaudfontaine,Vaux-sous-Chèvremont,,,,,,31,2,33
Clavier,Bois-et-Borsu,,,,,,,14,14
Clavier,Clavier,,,,,,,46,46
Clavier,Les Avins,,,,,,,27,27
Clavier,Ocquier,,,,,,,11,11
Clavier,Pailhe,,,,,,,15,15
Clavier,Terwagne,,,,,,,8,8
Comblain-au-Pont,Comblain-au-Pont,,,,,,,31,31
Comblain-au-Pont,Poulseur,,,,,,,17,17
Crisnée,Crisnée,,,,,33,,,33
Dalhem,Berneau,,10,,,,,,10
Dalhem,Bombaye,,11,,,,,,11
Dalhem,Dalhem,,18,,,,,,18
Dalhem,Feneur,,2,,,,,,2
Dalhem,Mortroux,,9,,,,,,9
Dalhem,Neufchâteau,,20,,,,,,20
Dalhem,Saint-André,,13,,,,,,13
Dalhem,Warsage,,27,,,,,,27
Dison,Andrimont,,39,,,,,8,47
Dison,Dison,,,,,,,3,3
Donceel,Donceel,,,,,1,,,1
Donceel,Haneffe,,,,,10,,,10
Donceel,Jeneffe,,,,,6,,,6
Donceel,Limont,,,,,4,,,4
Engis,Clermont-Sous-Huy,,,,18,,,2,20
Engis,Engihoul-Antinne Bois,,,,13,,,,13
Engis,Engis,,,,18,3,,,21
Engis,Hermalle-sous-Huy,,,,22,,,,22
Esneux,Esneux,,,,3,,,64,67
Esneux,Tilff,,,,,,5,42,47
Eupen,Eupen,,,,,,,205,205
Eupen,Kettenis,,,,,,,55,55
Faimes,Aineffe,,,,,4,,,4
Faimes,Borlez,,,,,2,,,2
Faimes,Celles,,,,,14,,,14
Faimes,Les Waleffes,,,,,7,,,7
Faimes,Viemme,,,,,3,,,3
Ferrières,Ferrières,,,,38,,,,38
Ferrières,My,,,,13,,,,13
Ferrières,Vieuxville,,,,8,,,,8
Ferrières,Werbomont,,,,22,,,,22
Ferrières,Xhoris,,,,18,,,,18
Fexhe-le-Haut-Clocher,Fexhe-le-Haut-Clocher,,,,,27,,,27
Flémalle,Awirs,,,,5,14,,,19
Flémalle,Flemalle-Haute et Grande,,,,,93,,,93
Flémalle,Ivoz-Ramet,,,,7,37,,,44
Flémalle,Mons,,,,,27,,,27
Fléron,Fléron,,,,,,44,,44
Fléron,Magnée,,,,,,12,,12
Fléron,Retinne,,,,,,24,,24
Fléron,Romsée,,,,,,19,1,20
Geer,Boëlhe,,,,,4,,,4
Geer,Darion,,,,,1,,,1
Geer,Geer,,,,,6,,,6
Geer,Hollogne-sur-Geer,,,,,12,,,12
Geer,Lens-Saint-Servais,,,,,4,,,4
Geer,Ligney,,,,,2,,,2
Geer,Omal,,,,,6,,,6
Grâce-Hollogne,Bierset,,,,,15,,,15
Grâce-Hollogne,Grâce-Berleur,,,,,74,1,,75
Grâce-Hollogne,Hollogne-aux-Pierres,,,,,48,,,48
Grâce-Hollogne,Horion-Hozemont,,,,,17,,,17
Grâce-Hollogne,Mons-lez-Liège,,,,,14,,,14
Grâce-Hollogne,Velroux,,,,,2,,,2
Hamoir,Comblain-Fairon,,,,31,,,,31
Hamoir,Filot,,,,8,,,,8
Hamoir,Hamoir,,,,28,,,,28
Hannut,Abolens,,,,,1,,,1
Hannut,Avernas-Le-Bauduin,,,,,10,,,10
Hannut,Avin,,,,,8,,,8
Hannut,Bertrée,,,,,5,,,5
Hannut,Blehen,,,,,2,,,2
Hannut,Cras-Avernas,,,,,8,,,8
Hannut,Crehen,,,,,5,,,5
Hannut,Grand-Hallet,,,,,11,,,11
Hannut,Hannut,,,,,60,,,60
Hannut,Lens-Saint-Remy,,,,,12,,,12
Hannut,Merdorp,,,,,4,,,4
Hannut,Moxhe,,,,,9,,,9
Hannut,Poucet,,,,,4,,,4
Hannut,Thisnes,,,,,9,,,9
Hannut,Trognee,,,,,4,,,4
Hannut,Villers-le-Peuplier,,,,,10,,,10
Héron,Couthuin,,,,18,,,,18
Héron,Héron,,,,15,,,,15
Héron,Lavoir,,,,6,,,,6
Héron,Waret-l'Evêque,,,,10,,,,10
Herstal,Herstal,,3,,,,193,45,241
Herstal,Liers,,,,,10,1,,11
Herstal,Milmort,,,,,2,40,1,43
Herstal,Vottem,,,,,13,29,1,43
Herve,Battice,,128,,,,,1,129
Herve,Bolland,,13,,,,2,,15
Herve,Chaineux,,20,,,,,15,35
Herve,Charneux,,40,,,,,,40
Herve,Grand-Rechain,,,,,,,25,25
Herve,Herve,,39,,,,,,39
Herve,Julémont,,11,,,,,,11
Herve,Xhendelesse,,6,,,,1,10,17
Huy,Ben-Ahin,,,,,,,39,39
Huy,Huy,,,,27,9,,71,107
Huy,Tihange,,,,24,,,19,43
Jalhay,Jalhay,,6,,,,,2,8
Jalhay,Sart-lez-Spa,,32,,,,,,32
Juprelle,Fexhe-Slins,,,,,9,5,,14
Juprelle,Juprelle,,,,,9,,,9
Juprelle,Lantin,,,,,10,,,10
Juprelle,Paifve,,,,,,,,0
Juprelle,Slins,,,,,5,,,5
Juprelle,Villers-Saint-Siméon,,,,,3,,,3
Juprelle,Voroux-lez-Liers,,,,,7,,,7
Juprelle,Wihogne,,,,,7,,,7
Kelmis,Hergenrath,,26,,,,,4,30
Kelmis,Kelmis,,33,,,,,,33
Kelmis,Neu-Moresnet,,24,,,,,,24
Liège,Angleur,,,,,,61,67,128
Liège,Bressoux,,,,,,2,40,42
Liège,Chênée,,,,,,59,,59
Liège,Glain,,,,,2,6,,8
Liège,Grivegnée,,,,,,77,10,87
Liège,Jupille-sur-Meuse,,,,,,12,35,47
Liège,Liège(Meuse Nord),,,,,1,14,495,510
Liège,Liège(Meuse Sud),,,,,,2,229,231
Liège,Rocourt,,,,,58,,,58
Liège,Sclessin,,,,,,55,,55
Liège,Tonne,,,,,4,3,1,8
Liège,Wandre,,37,,,,7,15,59
Lierneux,Arbrefontaine,,7,,,,,,7
Lierneux,Bra,,25,,,,,,25
Lierneux,Lierneux,,55,,,,,,55
Limbourg,Bilstain,,,,,,,24,24
Limbourg,Goé,,,,,,,22,22
Limbourg,Limbourg,,,,,,,27,27
Lincent,Lincent,,12,,,,,,12
Lincent,Pellaines,,3,,,,,,3
Lincent,Racour,,10,,,,,,10
Lontzen,Lontzen,,56,,,,,15,71
Lontzen,Walhorn,,,,,,,45,45
Malmedy,Bellevaux-Ligneuville,,5,,,,,43,48
Malmedy,Bevercé,,1,,,,,92,93
Malmedy,Malmedy,,,,,,,86,86
Marchin,Marchin,,,,,,,48,48
Marchin,Vyle-et-Tharoul,,,,,,,6,6
Modave,Modave,,,,,,,13,13
Modave,Outrelouxhe,,,,,,,4,4
Modave,Strée,,,,,,,13,13
Modave,Vierset-Barse,,,,,,,19,19
Nandrin,Nandrin,,,,21,,,4,25
Nandrin,Saint-Séverin,,,,11,,,,11
Nandrin,Villers-le-Temple,,,,,,,17,17
Nandrin,Yernee-Fraineux,,,,2,,,10,12
Neupré,Ehein,,,,2,,,,2
Neupré,Neuville-en-Condroz,,,,27,1,,,28
Neupré,Plainevaux,,,,19,,,2,21
Neupré,Rotheux-Rimière,,,,18,,,,18
Olne,Olne,,,,,,34,,34
Oreye,Oreye,,,,,34,,,34
Ouffet,Ellemelle,,,,,,,2,2
Ouffet,Ouffet,,,,2,,,63,65
Ouffet,Warzée,,,,,,,5,5
Oupeye,Haccourt,,20,,,,1,,21
Oupeye,Hermalle-sous-Argenteau,,27,,,,,,27
Oupeye,Hermée,,,,,,19,,19
Oupeye,Heure-le-Romain,,5,,,,9,,14
Oupeye,Houtain-Saint-Siméon,,,,,,13,,13
Oupeye,Oupeye,,,,,,28,,28
Oupeye,Vivegnis,,7,,,,12,,19
Pepinster,Pepinster,,51,,,,,2,53
Pepinster,Soiron,,9,,,,,,9
Pepinster,Wegnez,,21,,,,,,21
Plombières,Gemmenich,,58,,,,,,58
Plombières,Hombourg,,35,,,,,,35
Plombières,Montzen,,46,,,,,,46
Plombières,Moresnet,,28,,,,,,28
Plombières,Sippenaeken,,7,,,,,,7
Raeren,Eynatten,,,,,,,61,61
Raeren,Hauset,,,,,,,26,26
Raeren,Raeren,,,,,,,67,67
Remicourt,Hodeige,,,,,6,,,6
Remicourt,Lamine,,,,,4,,,4
Remicourt,Momalle,,,,,14,,,14
Remicourt,Pousset,,,,,6,,,6
Remicourt,Remicourt,,,,,18,,,18
Saint-Georges-sur-Meuse,Saint-Georges-sur-Meuse,,,,27,38,,,65
Saint-Nicolas,Montegnée,,,,,16,14,,30
Saint-Nicolas,Saint-Nicolas,,,,,,19,2,21
Saint-Nicolas,Tilleur,,,,,,12,,12
Sankt Vith,Crombach,,57,,,,,,57
Sankt Vith,Lommersweiler,,33,,,,,,33
Sankt Vith,Recht,,39,,,,,,39
Sankt Vith,Sankt Vith,,70,,,,,,70
Sankt Vith,Schönberg,,15,,,,,,15
Seraing,Boncelles,,,,,,,34,34
Seraing,Jemeppe,,,,,47,25,,72
Seraing,Ougree,,,,,1,10,47,58
Seraing,Seraing,,,,,92,31,61,184
Soumagne,Ayeneux,,,,,,17,,17
Soumagne,Cérexhe-Heuseux,,1,,,,15,,16
Soumagne,Evegnée,,2,,,,7,,9
Soumagne,Melen,,,,,,20,,20
Soumagne,Micheroux,,,,,,9,,9
Soumagne,Soumagne,,,,,,50,,50
Spa,Spa,,143,,,,,,143
Sprimont,Dolembreux,,,,,,,20,20
Sprimont,Gomzé-Andoumont,,,,,,,15,15
Sprimont,Louveigné,,1,,,,,7,8
Sprimont,Rouvreux,,,,,,,12,12
Sprimont,Sprimont,,,,,,,67,67
Stavelot,Francorchamps,,9,,,,,,9
Stavelot,Stavelot,,74,,,,,2,76
Stoumont,Chevron,,19,,1,,,,20
Stoumont,La Gleize,,33,,,,,,33
Stoumont,Lorcé,,5,,,,,,5
Stoumont,Rahier,,10,,,,,,10
Stoumont,Stoumont,,13,,,,,,13
Theux,La Reid,,21,,,,,50,71
Theux,Polleur,,,,,,,37,37
Theux,Theux,,25,,,,,54,79
Thimister-Clermont,Clermont,,47,,,,,,47
Thimister-Clermont,Thimister,,82,,,,,,82
Tinlot,Abée,,,,,,,18,18
Tinlot,Fraiture,,,,,,,7,7
Tinlot,Ramelot,,,,,,,2,2
Tinlot,Seny,,,,,,,7,7
Tinlot,Soheit-Tinlot,,,,,,,14,14
Trois-Ponts,Basse-Bodeux,,16,,,,,,16
Trois-Ponts,Fosse,,42,,,,,,42
Trois-Ponts,Wanne,,21,,,,,,21
Trooz,Forêt,,,,,,47,1,48
Trooz,Fraipont,,3,,,,1,2,6
Trooz,Nessonvaux,,,,,,11,,11
Verlaine,Bodegnee-Rogeree-Centre,,,,,6,,,6
Verlaine,Chapon-Seraing,,,,,8,,,8
Verlaine,Seraing-le-Château,,,,,4,,,4
Verlaine,Verlaine,,,,,29,,,29
Verviers,Beau-Vallon,,,,,,,26,26
Verviers,Ensival,,,,,,,41,41
Verviers,Heusy,,,,,,,53,53
Verviers,Lambermont,,1,,,,,30,31
Verviers,Petit-Rechain,,1,,,,,57,58
Verviers,Stembert,,,,,,,57,57
Verviers,Verviers,,,,,,,185,185
Villers-le-Bouillet,Fize-Fontaine,,,,,6,,,6
Villers-le-Bouillet,Vaux-et-Borset,,,,,10,,,10
Villers-le-Bouillet,Vieux-Waleffe,,,,,2,,,2
Villers-le-Bouillet,Villers-le-Bouillet,,,,,48,,,48
Villers-le-Bouillet,Warnant-Dreye,,,,,10,,,10
Visé,Argenteau,,13,,,,,,13
Visé,Cheratte,,25,,,,,,25
Visé,Lanaye,,5,,,,,,5
Visé,Lixhe,,11,,,,,,11
Visé,Richelle,,8,,,,,,8
Visé,Visé,,61,,,,,,61
Waimes,Faymonville,,9,,,,,,9
Waimes,Robertville,,,,,,,54,54
Waimes,Waimes,,35,,,,,55,90
Wanze,Antheit,,,,,23,,,23
Wanze,Bas-Oha,,,,8,6,,,14
Wanze,Huccorgne,,,,16,,,,16
Wanze,Moha,,,,6,12,,,18
Wanze,Vinalmont,,,,,16,,,16
Wanze,Wanze,,,,5,23,,1,29
Waremme,Bettincourt,,,,,3,,,3
Waremme,Bleret,,,,,3,,,3
Waremme,Bovenistier,,,,,5,,,5
Waremme,Grand-Axhe,,,,,3,,,3
Waremme,Lantremange,,,,,5,,,5
Waremme,Oleye,,,,,12,,,12
Waremme,Waremme,,,,,101,,,101
Wasseiges,Acosse,,,,2,,,,2
Wasseiges,Ambresin,,,,,6,,,6
Wasseiges,Meeffe,,,,6,,,,6
Wasseiges,Wasseiges,,,,4,8,,,12
Welkenraedt,Henri-Chapelle,,16,,,,,23,39
Welkenraedt,Welkenraedt,,1,,,,,59,60
Alken,Alken,,,,,,,79,79
As,As,,,,,,35,2,37
As,Niel-bij-As,,,,,,12,,12
Beringen,Beringen,,58,,,,,,58
Beringen,Beverlo,,26,,,,,,26
Beringen,Koersel,,55,,,,,,55
Beringen,Paal,,4,,,,,69,73
Bilzen,Beverst,,,,,,19,,19
Bilzen,Bilzen,,,,,,76,,76
Bilzen,Eigenbilzen,,,,,,8,3,11
Bilzen,Grote-Spouwen,,,,,,,4,4
Bilzen,Hees,,,,,,,2,2
Bilzen,Hoelbeek,,,,,,2,,2
Bilzen,Kleine-Spouwen,,,,,,1,4,5
Bilzen,Martenslinde,,,,,,4,,4
Bilzen,Mopertingen,,,,,,2,2,4
Bilzen,Munsterbilzen,,,,,,24,,24
Bilzen,Rijkhoven,,,,,,6,,6
Bilzen,Rosmeer,,,,,,,5,5
Bilzen,Waltwilder,,,,,,5,,5
Bocholt,Bocholt,,,,67,,,,67
Bocholt,Kaulille,,,,28,,,,28
Bocholt,Reppel,,,,7,,,,7
Borgloon,Bommershoven,,,,,,,6,6
Borgloon,Borgloon,,,,,,,31,31
Borgloon,Broekom,,,,,,,4,4
Borgloon,Gors-Opleeuw,,,,,,,4,4
Borgloon,Gotem,,,,,,,1,1
Borgloon,Groot-Loon,,,,,,,1,1
Borgloon,Hendrieken,,,,,,,1,1
Borgloon,Hoepertingen,,,,,,,20,20
Borgloon,Jesseren,,,,,,,5,5
Borgloon,Kerniel,,,,,,,5,5
Borgloon,Kuttekoven,,,,,,,2,2
Borgloon,Rijkel,,,,,,,3,3
Borgloon,Voort,,,,,,,3,3
Bree,Bree,,,,117,,3,,120
Bree,Opitter,,,,4,,5,,9
Bree,Tongerlo,,,,5,,2,,7
Diepenbeek,Diepenbeek,,,,,,26,90,116
Dilsen-Stokkem,Dilsen,,,,,,39,,39
Dilsen-Stokkem,Elen,,,,,,12,,12
Dilsen-Stokkem,Lanklaar,,,,,,53,,53
Dilsen-Stokkem,Rotem,,,,,,21,,21
Dilsen-Stokkem,Stokkem,,,,,,17,,17
Genk,Genk,,,,,,,438,438
Genk,Waterschei-Zwartberg,,,,,,,113,113
Gingelom,Boekhout,,,,,,,1,1
Gingelom,Borlo,,,,,,,4,4
Gingelom,Buvingen,,,,,,,1,1
Gingelom,Gingelom,,,,,,,5,5
Gingelom,Jeuk,,,,,,,11,11
Gingelom,Kortijs,,,,,,,2,2
Gingelom,Mielen-Boven-Aalst,,,,,,,4,4
Gingelom,Montenaken,,,,,,,6,6
Gingelom,Muizen,,,,,,,1,1
Gingelom,Niel-bij-Sint-Truiden,,,,,,,5,5
Gingelom,Vorsen,,,,,,,2,2
Halen,Halen,,,,,,,60,60
Halen,Zelem,,,,,,,17,17
Ham,Kwaadmechelen,,,,,,,41,41
Ham,Oostham,,,,,,,27,27
Hamont-Achel,Achel,,,,35,,,,35
Hamont-Achel,Hamont,,,,74,,,,74
Hasselt,Hasselt,,1,,,,,434,435
Hasselt,Kermt,,,,,,,16,16
Hasselt,Kuringen,,,,,,,51,51
Hasselt,Sint-Lambrechts-Herk,,,,,,,27,27
Hasselt,Spalbeek,,,,,,,9,9
Hasselt,Stevoort,,,,,,,23,23
Hasselt,Stokrooie,,,,,,,7,7
Hasselt,Wimmertingen,,,,,,,1,1
Hechtel-Eksel,Eksel,,34,,4,,,,38
Hechtel-Eksel,Hechtel,,34,,,,,,34
Heers,Batsheers,,,,,,,1,1
Heers,Gutschoven,,,,,,,3,3
Heers,Heers,,,,,,,11,11
Heers,Heks,,,,,,,1,1
Heers,Horpmaal,,,,,,,2,2
Heers,Klein-Gelmen,,,,,,,4,4
Heers,Mechelen-Bovelingen,,,,,,,5,5
Heers,Mettekoven,,,,,,,1,1
Heers,Opheers,,,,,,,2,2
Heers,Rukkelingen-Loon,,,,,,,2,2
Heers,Vechmaal,,,,,,,3,3
Heers,Veulen,,,,,,,2,2
Herk-de-Stad,Berbroek,,,,,,,9,9
Herk-de-Stad,Donk,,,,,,,11,11
Herk-de-Stad,Herk-de-Stad,,,,,,,52,52
Herk-de-Stad,Schulen,,,,,,,14,14
Herstappe,Herstappe,,,,,,,1,1
Heusden-Zolder,Heusden,,59,,,,,,59
Heusden-Zolder,Zolder,,125,,,,,,125
Hoeselt,Hoeselt,,,,,,51,,51
Hoeselt,Romershoven,,,,,,5,,5
Hoeselt,Schalkhoven,,,,,,,1,1
Hoeselt,Sint-Huibrechts-Hern,,,,,,,5,5
Hoeselt,Werm,,,,,,,4,4
Houthalen-Helchteren,Helchteren,,36,,,,,,36
Houthalen-Helchteren,Houthalen,,133,,,,,30,163
Kinrooi,Kessenich,,,,,,12,,12
Kinrooi,Kinrooi,,,,,,21,,21
Kinrooi,Molenbeersel,,,,6,,24,,30
Kinrooi,Ophoven,,,,,,27,,27
Kortessem,Guigoven,,,,,,4,,4
Kortessem,Kortessem,,,,,,,26,26
Kortessem,Vliermaal,,,,,,6,6,12
Kortessem,Vliermaalroot,,,,,,8,,8
Kortessem,Wintershoven,,,,,,3,1,4
Lanaken,Gellik,,,,,,,11,11
Lanaken,Lanaken,,,,,,,92,92
Lanaken,Neerharen,,,,,,1,4,5
Lanaken,Rekem,,,,,,5,18,23
Lanaken,Veldwezelt,,,,,,,16,16
Leopoldsburg,Heppen,,18,,,,,2,20
Leopoldsburg,Leopoldsburg,,54,,,,,,54
Lommel,Lommel,,,,221,,,1,222
Lummen,Linkhout,,,,,,,11,11
Lummen,Lummen,,76,,,,,10,86
Lummen,Meldert,,,,,,,14,14
Maaseik,Maaseik,,,,,,102,,102
Maaseik,Neeroeteren,,,,,,47,,47
Maaseik,Opoeteren,,,,,,14,,14
Maasmechelen,Boorsem,,,,,,23,,23
Maasmechelen,Eisden,,,,,,59,,59
Maasmechelen,Leut,,,,,,7,,7
Maasmechelen,Maasmechelen,,,,,,75,,75
Maasmechelen,Meeswijk,,,,,,4,,4
Maasmechelen,Opgrimbie,,,,,,30,3,33
Maasmechelen,Uikhoven,,,,,,6,,6
Maasmechelen,Vucht,,,,,,11,,11
Meeuwen-Gruitrode,Ellikom,,,,8,,,,8
Meeuwen-Gruitrode,Gruitrode,,,,16,,11,,27
Meeuwen-Gruitrode,Meeuwen,,,,28,,10,,38
Meeuwen-Gruitrode,Neerglabbeek,,,,4,,,,4
Meeuwen-Gruitrode,Wijshagen,,,,6,,2,1,9
Neerpelt,Neerpelt,,,,62,,,,62
Neerpelt,Sint-Huibrechts-Lille,,,,24,,,,24
Nieuwerkerken,Binderveld,,,,,,,5,5
Nieuwerkerken,Kozen,,,,,,,12,12
Nieuwerkerken,Nieuwerkerken,,,,,,,21,21
Nieuwerkerken,Wijer,,,,,,,9,9
Opglabbeek,Opglabbeek,,,,,,79,1,80
Overpelt,Overpelt,,1,,143,,,,144
Peer,Grote-Brogel,,22,,7,,,,29
Peer,Kleine-Brogel,,2,,7,,,,9
Peer,Peer,,76,,,,,,76
Peer,Wijchmaal,,15,,,,,,15
Riemst,Genoelselderen,,,,,,,3,3
Riemst,Herderen,,,,,,,9,9
Riemst,Kanne,,,,,,,4,4
Riemst,Membruggen,,,,,,,5,5
Riemst,Millen,,,,,,,13,13
Riemst,Riemst,,,,,,,15,15
Riemst,Val-Meer,,,,,,,8,8
Riemst,Vlijtingen,,,,,,,10,10
Riemst,Vroenhoven,,,,,,,8,8
Riemst,Zichen-Zussen-Bolder,,,,,,,16,16
Sint-Truiden,Aalst,,,,,,,3,3
Sint-Truiden,Brustem,,,,,,,20,20
Sint-Truiden,Duras,,,,,,,1,1
Sint-Truiden,Engelmanshoven,,,,,,,2,2
Sint-Truiden,Gelinden,,,,,,,11,11
Sint-Truiden,Gorsem,,,,,,,3,3
Sint-Truiden,Groot-Gelmen,,,,,,,4,4
Sint-Truiden,Halmaal,,,,,,,2,2
Sint-Truiden,Kerkom-bij-Sint-Truiden,,,,,,,3,3
Sint-Truiden,Ordingen,,,,,,,4,4
Sint-Truiden,Runkelen,,,,,,,3,3
Sint-Truiden,Sint-Truiden,,,,,,,197,197
Sint-Truiden,Velm,,,,,,,13,13
Sint-Truiden,Wilderen,,,,,,,8,8
Sint-Truiden,Zepperen,,,,,,,25,25
Tessenderlo,Tessenderlo,,,,,,,159,159
Tongeren,Berg,,,,,,,20,20
Tongeren,Henis,,,,,,,3,3
Tongeren,Koninksem,,,,,,,2,2
Tongeren,Lauw,,,,,,,5,5
Tongeren,Mal,,,,,,,22,22
Tongeren,Neerrepen,,,,,,,1,1
Tongeren,Nerem,,,,,,,3,3
Tongeren,Overrepen,,,,,,,5,5
Tongeren,Piringen,,,,,,,4,4
Tongeren,Riksingen,,,,,,,3,3
Tongeren,Rutten,,,,,,,6,6
Tongeren,'s Herenelderen,,,,,,,2,2
Tongeren,Sluizen,,,,,,,2,2
Tongeren,Tongeren,,,,,,,124,124
Tongeren,Vreren,,,,,,,10,10
Tongeren,Widooie,,,,,,,3,3
Voeren,Moelingen,,11,,,,,,11
Voeren,Remersdaal,,17,,,,,,17
Voeren,'s Gravenvoeren,,25,,,,,,25
Voeren,Sint-Martens-Voeren,,23,,,,,,23
Voeren,Sint-Pieters-Voeren,,4,,,,,,4
Voeren,Teuven,,16,,,,,,16
Wellen,Berlingen,,,,,,,4,4
Wellen,Herten,,,,,,,6,6
Wellen,Ulbeek,,,,,,,7,7
Wellen,Wellen,,,,,,,35,35
Zonhoven,De Dry Dreven,,5,,,,,,5
Zonhoven,Zonhoven,,92,,,,,1,93
Zutendaal,Zutendaal,,,,,,3,45,48
Arlon,Arlon,,,,,,,94,94
Arlon,Autelbas,3,,,,,,40,43
Arlon,Bonnert,,,,,,,40,40
Arlon,Guirsch,,,,,,,6,6
Arlon,Heinsch,,,,,,,52,52
Arlon,Toernich,,,,,,,21,21
Attert,Attert,,,,,,,21,21
Attert,Nobressart,,,,,,,16,16
Attert,Nothomb,,,,,,,11,11
Attert,Thiaumont,,,,,,,12,12
Attert,Tontelange,,,,,,,8,8
Aubange,Athus,34,,,,,,,34
Aubange,Aubange,31,,,,,,,31
Aubange,Halanzy,29,,,,,,,29
Aubange,Rachecourt,6,,,,,,,6
Bastogne,Bastogne,,,,,,,89,89
Bastogne,Longvilly,,,,,,,20,20
Bastogne,Noville,,8,,,,,29,37
Bastogne,Villers-la-Bonne-Eau,,,,,,,24,24
Bastogne,Wardin,,,,,,,49,49
Bertogne,Bertogne,,,,,,,13,13
Bertogne,Flamierge,17,,,,,,14,31
Bertogne,Longchamps,,,,,,,39,39
Bertrix,Auby-Sur-Semois,14,,,,,,,14
Bertrix,Bertrix,71,,,,,,,71
Bertrix,Cugnon,10,,,,,,,10
Bertrix,Jehonville,21,,,,,,,21
Bertrix,Orgeo,26,,,,,,,26
Bouillon,Bellevaux,5,,,,,,,5
Bouillon,Bouillon,33,,,,,,,33
Bouillon,Corbion,7,,,,,,,7
Bouillon,Dohan,4,,,,,,,4
Bouillon,Les Hayons,9,,,,,,,9
Bouillon,Noirefontaine,9,,,,,,,9
Bouillon,Poupehan,7,,,,,,,7
Bouillon,Rochehaut,18,,,,,,,18
Bouillon,Sensenruth,12,,,,,,,12
Bouillon,Ucimont,9,,,,,,,9
Bouillon,Vivy,10,,,,,,,10
Chiny,Chiny,24,,,,,,,24
Chiny,Izel,41,,,,,,,41
Chiny,Jamoigne,20,,,,,,,20
Chiny,Les Bulles,10,,,,,,,10
Chiny,Suxy,7,,,,,,,7
Chiny,Termes,8,,,,,,,8
Daverdisse,Daverdisse,,,5,,,,,5
Daverdisse,Gembes,6,,,,,,,6
Daverdisse,Haut-Fays,7,,11,,,,,18
Daverdisse,Porcheresse,5,,,,,,,5
Durbuy,Barvaux,,,,50,,,,50
Durbuy,Bende,,,,,,,3,3
Durbuy,Bomal,,,,30,,,,30
Durbuy,Borlon,,,,7,,,,7
Durbuy,Durbuy,,,,16,,,,16
Durbuy,Grandhan,,,,33,,,,33
Durbuy,Heyd,,,,15,,,,15
Durbuy,Izier,,,,16,,,,16
Durbuy,Septon,,,,16,,,,16
Durbuy,Tohogne,,,,25,,,,25
Durbuy,Villers-Sainte-Gertrude,,,,4,,,,4
Durbuy,Wéris,,,,18,,,,18
Erezée,Amonines,,,,7,,,,7
Erezée,Erezée,,,,20,,,,20
Erezée,Mormont,,,,10,,,,10
Erezée,Soy,,,,34,,,,34
Etalle,Buzenol,2,,,,,,,2
Etalle,Chantemelle,,,,,,,4,4
Etalle,Etalle,21,,,,,,,21
Etalle,Sainte-Marie,16,,,,,,,16
Etalle,Vance,,,,,,,10,10
Etalle,Villers-sur-Semois,2,,,,,,,2
Fauvillers,Fauvillers,1,,,,,,19,20
Fauvillers,Hollange,,,,,,,29,29
Fauvillers,Tintange,,,,,,,9,9
Florenville,Chassepierre,13,,,,,,,13
Florenville,Florenville,30,,,,,,,30
Florenville,Fontenoille,4,,,,,,,4
Florenville,Lacuisine,19,,,,,,,19
Florenville,Muno,24,,,,,,,24
Florenville,Sainte-Cécile,17,,,,,,,17
Florenville,Villers-devant-Orval,17,,,,,,,17
Gouvy,Beho,,22,,,,,,22
Gouvy,Bovigny,,31,,,,,,31
Gouvy,Cherain,,6,,,,,,6
Gouvy,Limerlé,,52,,,,,,52
Gouvy,Montleban,,13,,,,,,13
Habay,Anlier,4,,,,,,,4
Habay,Habay-la-Neuve,27,,,,,,,27
Habay,Habay-la-Vieille,17,,,,,,,17
Habay,Hachy,12,,,,,,,12
Habay,Houdemont,5,,,,,,,5
Habay,Rulles,29,,,,,,,29
Herbeumont,Herbeumont,14,,,,,,,14
Herbeumont,Saint-Médard,11,,,,,,,11
Herbeumont,Straimont,11,,,,,,,11
Hotton,Fronville,,,,14,,,,14
Hotton,Hampteau,,,,12,,,,12
Hotton,Hotton,,,,52,,,,52
Hotton,Marenne,,,,16,,,,16
Houffalize,Houffalize,,16,,,,,,16
Houffalize,Mabompré,,1,,,,,28,29
Houffalize,Mont,,28,,,,,,28
Houffalize,Nadrin,,18,,6,,,,24
Houffalize,Tailles,,,,11,,,,11
Houffalize,Tavigny,,30,,,,,,30
Houffalize,Wibrin,,21,,,,,,21
La Roche-en-Ardenne,Beausaint,,,,21,,,,21
La Roche-en-Ardenne,Halleux,,,,8,,,,8
La Roche-en-Ardenne,Hives,11,,,,,,,11
La Roche-en-Ardenne,La Roche-en-Ardenne,,,,48,,,,48
La Roche-en-Ardenne,Ortho,14,44,,,,,,58
La Roche-en-Ardenne,Samrée,,,,23,,,,23
Léglise,Assenois,21,,,,,,,21
Léglise,Ebly,5,,,,,,,5
Léglise,Léglise,28,,,,,,,28
Léglise,Mellier,13,,,,,,,13
Léglise,Witry,8,,,,,,3,11
Libin,Anloy,11,,,,,,,11
Libin,Libin,31,,,,,,,31
Libin,Ochamps,20,,,,,,,20
Libin,Redu,,,12,,,,,12
Libin,Smuid,7,,,,,,,7
Libin,Transinne,16,,1,,,,,17
Libin,Villance,22,,,,,,,22
Libramont-Chevigny,Bras-Bas,28,,,,,,,28
Libramont-Chevigny,Freux,16,,,,,,,16
Libramont-Chevigny,Libramont,28,,,,,,,28
Libramont-Chevigny,Moircy,11,,,,,,,11
Libramont-Chevigny,Recogne,39,,,,,,,39
Libramont-Chevigny,Remagne,11,,,,,,,11
Libramont-Chevigny,Sainte-Marie-Chevigny,18,,,,,,,18
Libramont-Chevigny,Saint-Pierre,25,,,,,,,25
Manhay,Dochamps,,,,28,,,,28
Manhay,Grandmenil,,1,,22,,,,23
Manhay,Harre,,,,30,,,,30
Manhay,Malempré,,,,6,,,,6
Manhay,Odeigne,,,,15,,,,15
Manhay,Vaux-Chavanne,,,,16,,,,16
Marche-en-Famenne,Aye,19,,,26,,,,45
Marche-en-Famenne,Hargimont,10,,,,,,,10
Marche-en-Famenne,Humain,13,,,,,,,13
Marche-en-Famenne,Marche-en-Famenne,,,,69,,,,69
Marche-en-Famenne,On,21,,,,,,,21
Marche-en-Famenne,Roy,15,,,,,,,15
Marche-en-Famenne,Waha,19,,,53,,,,72
Martelange,Martelange,,,,,,,27,27
Meix-Devant-Virton,Gérouville,7,,,,,,,7
Meix-Devant-Virton,Meix-Devant-Virton,12,,,,,,,12
Meix-Devant-Virton,Robelmont,7,,,,,,,7
Meix-Devant-Virton,Sommethonne,9,,,,,,,9
Meix-Devant-Virton,Villers-la-Loue,13,,,,,,,13
Messancy,Habergy,9,,,,,,,9
Messancy,Hondelange,13,,,,,,,13
Messancy,Messancy,50,,,,,,,50
Messancy,Sélange,8,,,,,,,8
Messancy,Wolkrange,9,,,,,,9,18
Musson,Musson,33,,,,,,,33
Musson,Mussy-la-Ville,21,,,,,,,21
Nassogne,Ambly,10,,,,,,,10
Nassogne,Bande,12,,,,,,,12
Nassogne,Forrieres,21,,,,,,,21
Nassogne,Grune,14,,,,,,,14
Nassogne,Harsin,17,,,,,,,17
Nassogne,Lesterny,6,,,,,,,6
Nassogne,Masbourg,9,,,,,,,9
Nassogne,Nassogne,36,,,,,,,36
Neufchâteau,Grandvoir,6,,,,,,,6
Neufchâteau,Grapfontaine,16,,,,,,,16
Neufchâteau,Hamipre,21,,,,,,,21
Neufchâteau,Longlier,33,,,,,,,33
Neufchâteau,Neufchâteau,35,,,,,,,35
Neufchâteau,Tournay,16,,,,,,,16
Paliseul,Carlsbourg,20,,,,,,,20
Paliseul,Fays-les-Veneurs,17,,,,,,,17
Paliseul,Framont,5,,,,,,,5
Paliseul,Maissin,9,,,,,,,9
Paliseul,Nollevaux,12,,,,,,,12
Paliseul,Offagne,12,,,,,,,12
Paliseul,Opont,23,,,,,,,23
Paliseul,Paliseul,34,,,,,,,34
Rendeux,Beffe,,,,22,,,,22
Rendeux,Hodister,,,,19,,,,19
Rendeux,Marcourt,,,,14,,,,14
Rendeux,Rendeux,,,,28,,,,28
Rouvroy,Dampicourt,10,,,,,,,10
Rouvroy,Harnoncourt,6,,,,,,,6
Rouvroy,Lamorteau,8,,,,,,,8
Rouvroy,Torgny,3,,,,,,,3
Sainte-Ode,Amberloup,38,,,,,,,38
Sainte-Ode,Lavacherie,24,,,,,,,24
Sainte-Ode,Tillet,20,,,,,,13,33
Saint-Hubert,Arville,25,,,,,,,25
Saint-Hubert,Awenne,13,,,,,,,13
Saint-Hubert,Hatrival,19,,,,,,,19
Saint-Hubert,Mirwart,9,,,,,,,9
Saint-Hubert,Saint-Hubert,28,,,,,,,28
Saint-Hubert,Vesqueville,11,,,,,,,11
Saint-Léger,Châtillon,11,,,,,,,11
Saint-Léger,Meix-le-Tige,13,,,,,,,13
Saint-Léger,Saint-Léger,17,,,,,,,17
Tellin,Bure,16,,,,,,,16
Tellin,Grupont,4,,,,,,,4
Tellin,Resteigne,8,,,,,,,8
Tellin,Tellin,19,,,,,,,19
Tenneville,Champlon,22,,,,,,,22
Tenneville,Erneuville,16,1,,1,,,,18
Tenneville,Tenneville,32,,,,,,,32
Tintigny,Bellefontaine,12,,,,,,,12
Tintigny,Rossignol,6,,,,,,,6
Tintigny,Saint-Vincent,7,,,,,,,7
Tintigny,Tintigny,19,,,,,,,19
Vaux-sur-Sûre,Hompré,,,,,,,17,17
Vaux-sur-Sûre,Juseret,,,,,,,12,12
Vaux-sur-Sûre,Morhet,,,,,,,14,14
Vaux-sur-Sûre,Nives,,,,,,,10,10
Vaux-sur-Sûre,Sibret,,,,,,,17,17
Vaux-sur-Sûre,Vaux-lez-Rosières,,,,,,,9,9
Vielsalm,Bihain,,44,,4,,,,48
Vielsalm,Grand-Halleux,,28,,,,,,28
Vielsalm,Petit-Thier,,16,,,,,,16
Vielsalm,Vielsalm,,69,,,,,,69
Virton,Bleid,11,,,,,,,11
Virton,Ethe,21,,,,,,,21
Virton,Latour,10,,,,,,2,12
Virton,Ruette,11,,,,,,,11
Virton,Saint-Mard,20,,,,,,,20
Virton,Virton,29,,,,,,,29
Wellin,Chanly,5,,,,,,,5
Wellin,Halma,3,,9,,,,,12
Wellin,Lomprez,,,7,,,,,7
Wellin,Sohier,,,8,,,,,8
Wellin,Wellin,6,,19,,,,,25
Andenne,Andenne,,,,87,,,3,90
Andenne,Bonneville,,,,18,,,,18
Andenne,Coutisse,,,,29,,,6,35
Andenne,Landenne,,,,26,,,,26
Andenne,Maizeret,,,,4,,,,4
Andenne,Namêche,,,21,1,,,,22
Andenne,Sclayn,,,,21,,,,21
Andenne,Seilles,,,,31,,,,31
Andenne,Thon,,,,9,,,,9
Andenne,Vezin,,,,26,,,,26
Anhée,Anhée,,,35,,,,,35
Anhée,Annevoie-Rouillon,,,7,,,,,7
Anhée,Bioul,,,,,,,23,23
Anhée,Denee,,,3,,,,10,13
Anhée,Sosoye,,,,,,,7,7
Assesse,Assesse,,,3,32,,,,35
Assesse,Courrière,,,19,,,,,19
Assesse,Crupet,,,,12,,,,12
Assesse,Florée,,,,18,,,,18
Assesse,Maillen,,,16,3,,,6,25
Assesse,Sart-Bernard,,,19,,,,,19
Assesse,Sorinne-La-Longue,,,2,,,,,2
Beauraing,Baronville,,,7,,,,,7
Beauraing,Beauraing,,,48,,,,,48
Beauraing,Dion,,,14,,,,,14
Beauraing,Felenne,,,5,,,,,5
Beauraing,Feschaux,,,10,,,,,10
Beauraing,Focant,,,7,,,,,7
Beauraing,Froidfontaine,,,7,,,,,7
Beauraing,Honnay,,,5,,,,,5
Beauraing,Javingue,,,9,,,,,9
Beauraing,Martouzin-Neuville,,,3,,,,,3
Beauraing,Pondrôme,,,24,,,,,24
Beauraing,Vonêche,,,6,,,,,6
Beauraing,Wancennes,,,6,,,,,6
Beauraing,Wiesme,,,3,,,,,3
Beauraing,Winenne,,,18,,,,,18
Bièvre,Bièvre,20,,,,,,,20
Bièvre,Graide,19,,,,,,,19
Bièvre,Monceau-en-Ardenne,16,,,,,,,16
Bièvre,Naomé,7,,,,,,,7
Bièvre,Oizy,13,,,,,,,13
Cerfontaine,Cerfontaine,,,,,,,27,27
Cerfontaine,Daussois,,,6,,,,,6
Cerfontaine,Senzeille,,,,,,,10,10
Cerfontaine,Silenrieux,,,22,,,,1,23
Cerfontaine,Soumoy,,,1,,,,1,2
Cerfontaine,Villers-Deux-Eglises,,,,,,,9,9
Ciney,Achêne,,,,28,,,,28
Ciney,Braibant,,,,14,,,,14
Ciney,Chevetogne,12,,,,,,,12
Ciney,Ciney,,,,112,,,,112
Ciney,Conneux,,,,15,,,,15
Ciney,Leignon,,,,28,,,,28
Ciney,Pessoux,,,,13,,,,13
Ciney,Serinchamps,,,,22,,,,22
Ciney,Sovet,,,,20,,,,20
Couvin,Aublain,,,2,,,,,2
Couvin,Boussu-en-Fagne,,,2,,,,14,16
Couvin,Brûly,,,,,,,,0
Couvin,Brûly-de-Pesche,,,,,,,,0
Couvin,Couvin,,,41,,,,,41
Couvin,Cul-des-Sarts,,,,,,,,0
Couvin,Dailly,,,,,,,,0
Couvin,Frasnes,,,20,,,,6,26
Couvin,Gonrieux,,,,,,,,0
Couvin,Mariembourg,,,1,,,,6,7
Couvin,Pesche,,,5,,,,,5
Couvin,Petigny,,,10,,,,,10
Couvin,Petite-Chapelle,,,,,,,,0
Couvin,Presgaux,,,,,,,,0
Dinant,Dinant,,,,9,,,99,108
Dinant,Falmagne,,,13,,,,,13
Dinant,Falmignoul,,,4,,,,,4
Dinant,Foy-Notre-Dame,,,,,,,4,4
Dinant,Furfooz,,,,,,,9,9
Dinant,Lisogne,,,,18,,,,18
Dinant,Sorinnes,,,,12,,,2,14
Dinant,Thynes,,,,12,,,,12
Doische,Doische,,,10,,,,,10
Doische,Gimnée,,,6,,,,,6
Doische,Gochenée,,,6,,,,,6
Doische,Matagne-la-Grande,,,7,,,,,7
Doische,Matagne-la-Petite,,,13,,,,,13
Doische,Niverlée,,,5,,,,,5
Doische,Romerée,,,9,,,,,9
Doische,Soulme,,,8,,,,,8
Doische,Vaucelles,,,,,,,,0
Doische,Vodelée,,,3,,,,,3
Eghezée,Aische-En-Refail,,,22,,,,,22
Eghezée,Bolinne,,,7,,,,,7
Eghezée,Boneffe,,,5,,,,,5
Eghezée,Branchon,,,6,,,,,6
Eghezée,Dhuy,,,13,,,,,13
Eghezée,Eghezee,,,27,,,,,27
Eghezée,Hanret,,,16,,,,,16
Eghezée,Leuze,,,20,,,,,20
Eghezée,Liernu,,,11,,,,,11
Eghezée,Longchamps,,,9,,,,,9
Eghezée,Mehaigne,,,7,,,,,7
Eghezée,Noville-sur-Méhaigne,,,15,,,,,15
Eghezée,Saint-Germain,,,8,,,,,8
Eghezée,Taviers,,,7,,,,,7
Eghezée,Upigny,,,6,,,,,6
Eghezée,Waret-la-Chaussée,,,12,,,,,12
Fernelmont,Bierwart,,,8,,,,,8
Fernelmont,Cortil-Wodon,,,20,,,,,20
Fernelmont,Forville,,,17,,,,,17
Fernelmont,Franc-Waret,,,3,,,,5,8
Fernelmont,Hemptinne,,,4,,,,,4
Fernelmont,Hingeon,,,,,,,10,10
Fernelmont,Marchovelette,,,2,,,,10,12
Fernelmont,Noville-les-Bois,,,23,,,,,23
Fernelmont,Pontillas,,,7,1,,,1,9
Fernelmont,Tillier,,,6,,,,,6
Floreffe,Floreffe,,,25,,,,19,44
Floreffe,Floriffoux,,,26,,,,1,27
Floreffe,Franière,,,22,,,,,22
Floreffe,Soye,,,8,,,,,8
Florennes,Corenne,,,7,,,,,7
Florennes,Flavion,,,11,,,,,11
Florennes,Florennes,,,36,,,,1,37
Florennes,Hanzinelle,,,9,,,,,9
Florennes,Hanzinne,,,9,,,,,9
Florennes,Hemptinne,,,,,,,10,10
Florennes,Morialmé,,,22,,,,,22
Florennes,Morville,,,15,,,,,15
Florennes,Rosée,,,17,,,,,17
Florennes,Saint-Aubin,,,5,,,,1,6
Florennes,Thy-le-Bauduin,,,1,,,,,1
Fosses-la-Ville,Aisemont,,,7,1,,,4,12
Fosses-la-Ville,Fosses-la-Ville,,,51,,,,,51
Fosses-la-Ville,Le Roux,,,17,,,,1,18
Fosses-la-Ville,Sart-Eustache,,,13,,,,,13
Fosses-la-Ville,Sart-Saint-Laurent,,,10,,,,1,11
Fosses-la-Ville,Vitrival,,,15,,,,,15
Gedinne,Bourseigne-Neuve,1,,2,,,,,3
Gedinne,Bourseigne-Vieille,,,4,,,,,4
Gedinne,Gedinne,21,,1,,,,,22
Gedinne,Houdremont,4,,,,,,,4
Gedinne,Louette-Saint-Denis,7,,,,,,,7
Gedinne,Louette-Saint-Pierre,3,,,,,,,3
Gedinne,Malvoisin,,,6,,,,,6
Gedinne,Patignies,,,9,,,,,9
Gedinne,Rienne,6,,,,,,,6
Gedinne,Sart-Custinne,5,,,,,,,5
Gedinne,Vencimont,,,11,,,,,11
Gedinne,Willerzie,4,,,,,,,4
Gembloux,Beuzet,,,12,,,,,12
Gembloux,Bossière,,,20,,,,,20
Gembloux,Bothey,,,5,,,,,5
Gembloux,Corroy-le-Château,,,13,,,,,13
Gembloux,Gembloux,,,148,,,,,148
Gembloux,Grand-Leez,,,20,,,,,20
Gembloux,Isnes,,,3,,,,8,11
Gembloux,Mazy,,,16,,,,,16
Gesves,Faulx-les-Tombes,,,1,49,,,,50
Gesves,Gesves,,,,77,,,,77
Gesves,Haltinne,,,,27,,,,27
Gesves,Mozet,,,,29,,,,29
Gesves,Sorée,,,,9,,,,9
Hamois,Achet,,,,12,,,,12
Hamois,Emptinne,,,,21,,,,21
Hamois,Hamois,,,,36,,,,36
Hamois,Mohiville,,,,12,,,,12
Hamois,Natoye,,,,24,,,,24
Hamois,Schaltin,,,,16,,,,16
Hamois,Scy,,,,9,,,,9
Hastière,Agimont,,,21,,,,,21
Hastière,Blaimont,,,20,,,,,20
Hastière,Hastière-Lavaux,,,26,,,,,26
Hastière,Hastière-par-Delà,,,12,,,,,12
Hastière,Heer,,,10,,,,,10
Hastière,Hermeton-sur-Meuse,,,16,,,,,16
Hastière,Waulsort,,,20,,,,1,21
Havelange,Barvaux-Condroz,,,,10,,,,10
Havelange,Flostoy,,,,18,,,,18
Havelange,Havelange,,,,40,,,,40
Havelange,Jeneffe,,,,5,,,,5
Havelange,Maffe,,,,10,,,,10
Havelange,Méan,,,,20,,,,20
Havelange,Miécret,,,,15,,,,15
Havelange,Porcheresse,,,,11,,,,11
Havelange,Verlée,,,,8,,,,8
Houyet,Celles,,,,,,,27,27
Houyet,Ciergnon,6,,1,,,,3,10
Houyet,Custinne,,,,,,,10,10
Houyet,Finnevaux,,,6,,,,,6
Houyet,Hour,,,17,,,,,17
Houyet,Houyet,,,14,,,,6,20
Houyet,Hulsonniaux,,,10,,,,3,13
Houyet,Mesnil-Eglise,,,5,,,,,5
Houyet,Mesnil-Saint-Blaise,,,16,,,,,16
Houyet,Wanlin,,,14,,,,,14
Jemeppe-sur-Sambre,Balâtre,,,,,,,5,5
Jemeppe-sur-Sambre,Ham-sur-Sambre,,,1,,,,26,27
Jemeppe-sur-Sambre,Jemeppe-sur-Sambre,,,,,,,50,50
Jemeppe-sur-Sambre,Mornimont,,,1,,,,12,13
Jemeppe-sur-Sambre,Moustrier-sur-Sambre,,,,,,,13,13
Jemeppe-sur-Sambre,Onoz,,,,,,,6,6
Jemeppe-sur-Sambre,Saint-Martin,,,3,,,,2,5
Jemeppe-sur-Sambre,Spy,,,8,,,,32,40
La Bruyère,Bovesse,,,11,,,,1,12
La Bruyère,Emines,,,18,,,,,18
La Bruyère,Meux,,,24,,,,,24
La Bruyère,Rhisnes,,,19,,,,,19
La Bruyère,Saint-Denis,,,12,,,,,12
La Bruyère,Villers-lez-Heest,,,3,,,,,3
La Bruyère,Warisoulx,,,6,,,,,6
Mettet,Biesme,,,33,,,,,33
Mettet,Biesmerée,,,6,,,,,6
Mettet,Ermeton-Sur-Biert,,,15,,,,,15
Mettet,Furnaux,,,8,,,,,8
Mettet,Graux,,,4,,,,,4
Mettet,Mettet,,,63,,,,,63
Mettet,Oret,,,8,,,,,8
Mettet,Saint-Gérard,,,13,,,,6,19
Mettet,Stave,,,19,,,,,19
Namur,Beez,,,7,,,,15,22
Namur,Belgrade,,,5,,,,30,35
Namur,Boninne-Gelbressée,,,,,,,18,18
Namur,Bouge,,,,,,,59,59
Namur,Champion-Cognelee,,,6,,,,39,45
Namur,Dave,,,24,,,,,24
Namur,Erpent,,,18,,,,7,25
Namur,Flawinne,,,,,,,29,29
Namur,Jambes,,,13,,,,105,118
Namur,Lives-sur-Meuse,,,8,,,,2,10
Namur,Loyers,,,17,1,,,1,19
Namur,Malonne,,,,,,,50,50
Namur,Marche-les-Dames,,,5,,,,9,14
Namur,Namur,,,3,,,,138,141
Namur,Naninne,,,39,,,,,39
Namur,Saint-Marc,,,,,,,6,6
Namur,Saint-Servais,,,25,,,,7,32
Namur,Suarlée,,,8,,,,28,36
Namur,Temploux,,,35,,,,1,36
Namur,Vedrin-Daussoulx,,,16,,,,31,47
Namur,Wépion,,,,,,,100,100
Namur,Wierde,,,25,,,,,25
Ohey,Evelette,,,,15,,,,15
Ohey,Goesnes,,,,5,,,,5
Ohey,Haillot,,,,20,,,,20
Ohey,Jallet,,,,3,,,,3
Ohey,Ohey,,,,24,,,,24
Ohey,Perwez,,,,7,,,,7
Onhaye,Anthée,,,10,,,,,10
Onhaye,Falaën,,,13,,,,,13
Onhaye,Gerin,,,6,,,,,6
Onhaye,Onhaye,,,29,,,,,29
Onhaye,Serville,,,5,,,,,5
Onhaye,Sommière,,,9,,,,,9
Onhaye,Weillen,,,9,,,,,9
Philippeville,Fagnolle,,,4,,,,,4
Philippeville,Franchimont,,,,,,,6,6
Philippeville,Jamagne,,,,,,,5,5
Philippeville,Jamiolle,,,,,,,3,3
Philippeville,Merlemont,,,,,,,11,11
Philippeville,Neuville,,,,,,,17,17
Philippeville,Omezée,,,2,,,,,2
Philippeville,Philippeville,,,,,,,34,34
Philippeville,Roly,,,,,,,9,9
Philippeville,Romedenne,,,10,,,,,10
Philippeville,Samart,,,,,,,8,8
Philippeville,Sart-en-Fagne,,,,,,,4,4
Philippeville,Sautour,,,,,,,3,3
Philippeville,Surice,,,8,,,,,8
Philippeville,Villers-en-Fagne,,,,,,,3,3
Philippeville,Villers-le-Gambon,,,1,,,,12,13
Philippeville,Vodecée,,,,,,,4,4
Profondeville,Arbre,,,,,,,13,13
Profondeville,Bois-de-Villers,,,,,,,38,38
Profondeville,Lesve,,,,,,,34,34
Profondeville,Lustin,,,1,,,,33,34
Profondeville,Profondeville,,,,,,,34,34
Profondeville,Rivière,,,,,,,10,10
Rochefort,Ave-Et-Auffe,,,15,,,,,15
Rochefort,Buissonville,15,,,,,,,15
Rochefort,Eprave,11,,1,,,,,12
Rochefort,Han-sur-Lesse,11,,,,,,,11
Rochefort,Jemelle,17,,,,,,,17
Rochefort,Lavaux-Sainte-Anne,,,9,,,,,9
Rochefort,Lessive,2,,1,,,,,3
Rochefort,Mont-Gauthier,7,,,,,,9,16
Rochefort,Rochefort,61,,,,,,,61
Rochefort,Villers-sur-Lesse,17,,1,,,,,18
Rochefort,Wavreille,11,,1,,,,,12
Sambreville,Arsimont,,,4,,,,15,19
Sambreville,Auvelais,,,,,,,60,60
Sambreville,Falisolle,,,,,,,22,22
Sambreville,Keumiée,,,,,,,2,2
Sambreville,Moignelée,,,,,,,9,9
Sambreville,Tamines,,,,,,,38,38
Sambreville,Velaine,,,,,,,31,31
Sombreffe,Boignée,,,,5,,,5,10
Sombreffe,Ligny,,,,27,,,,27
Sombreffe,Sombreffe,,,31,1,,,,32
Sombreffe,Tongrinne,,,25,2,,,,27
Somme-Leuze,Baillonville,,,,19,,,,19
Somme-Leuze,Bonsin,,,,10,,,,10
Somme-Leuze,Heure,,,,24,,,,24
Somme-Leuze,Hogne,,,,8,,,,8
Somme-Leuze,Nettinne,,,,10,,,,10
Somme-Leuze,Noiseux,,,,26,,,,26
Somme-Leuze,Sinsin,,,,18,,,,18
Somme-Leuze,Somme-Leuze,,,,26,,,,26
Somme-Leuze,Waillet,,,,2,,,,2
Viroinval,Dourbes,,,6,,,,,6
Viroinval,Le Mesnil,,,,,,,,0
Viroinval,Mazée,,,8,,,,,8
Viroinval,Nismes,,,13,,,,,13
Viroinval,Oignies-en-Thiérache,,,16,,,,,16
Viroinval,Olloy-Sur-Viroin,,,6,,,,,6
Viroinval,Treignes,,,10,,,,,10
Viroinval,Vierves-sur-Viroin,,,5,,,,,5
Vresse-sur-Semois,Alle,18,,,,,,,18
Vresse-sur-Semois,Bohan,11,,,,,,,11
Vresse-sur-Semois,Nafraiture,5,,,,,,,5
Vresse-sur-Semois,Orchimont,7,,,,,,,7
Vresse-sur-Semois,Sugny,10,,,,,,,10
Vresse-sur-Semois,Vresse,17,,,,,,,17
Walcourt,Berzée,,,6,,,,,6
Walcourt,Castillon,,,9,,,,,9
Walcourt,Chastrès,,,17,,,,,17
Walcourt,Clermont,,,19,,,,,19
Walcourt,Fontenelle,,,4,,,,,4
Walcourt,Fraire,,,7,,,,15,22
Walcourt,Gourdinne,,,10,,,,,10
Walcourt,Laneffe,,,23,,,,1,24
Walcourt,Pry,,,10,,,,,10
Walcourt,Rognée,,,7,,,,,7
Walcourt,Somzée,,,18,,,,,18
Walcourt,Tarcienne,,,29,,,,,29
Walcourt,Thy-le-Chateau,,,29,,,,,29
Walcourt,Vogenée,,,5,,,,5,10
Walcourt,Walcourt,,,25,,,,,25
Walcourt,Yves-Gomezée,,,,,,,28,28
Yvoir,Dorinne,,,,14,,,,14
Yvoir,Durnal,,,,17,,,,17
Yvoir,Godinne,,,19,,,,10,29
Yvoir,Purnode,,,,10,,,,10
Yvoir,Spontin,,,,18,,,,18
Yvoir,Yvoir,,,28,25,,,,53
Aalst,Aalst,,2,,,,,342,344
Aalst,Baardegem,,7,3,,,,,10
Aalst,Erembodegem,,6,,,,,97,103
Aalst,Gijzegem,,10,,,,,11,21
Aalst,Herdersem,,,,,,,18,18
Aalst,Hofstade,,,,,,,38,38
Aalst,Meldert,,21,,,,,,21
Aalst,Moorsel,,20,,,,,10,30
Aalst,Nieuwerkerken,,,,,,,32,32
Aalter,Aalter,,,,,,145,51,196
Aalter,Bellem,,,5,,,16,3,24
Aalter,Lotenhulle,,,6,,,36,,42
Aalter,Poeke,,,,1,,10,,11
Assenede,Assenede,,,31,,,,39,70
Assenede,Bassevelde,,,21,,,,19,40
Assenede,Boekhoute,,,1,,,,26,27
Assenede,Oosteeklo,,,26,,,,10,36
Berlare,Berlare,55,,,,,,,55
Berlare,Overmere,33,,,,,3,5,41
Berlare,Uitbergen,19,,,,,,,19
Beveren,Beveren-Waas,,1,,,,,143,144
Beveren,Doel,,,,,,,13,13
Beveren,Haasdonk,,,,,,,27,27
Beveren,Kallo,,,,,,,96,96
Beveren,Kieldrecht,,,,,,,39,39
Beveren,Melsele,,,,,,,84,84
Beveren,Verrebroek,,,,,,,37,37
Beveren,Vrasene,,32,,,,,2,34
Brakel,Elst,,,,13,,,,13
Brakel,Everbeek,,,1,17,,,,18
Brakel,Michelbeke,,,,19,,,,19
Brakel,Nederbrakel,,,,60,,,,60
Brakel,Opbrakel,,,,17,,,,17
Brakel,Parike,,,,7,,,,7
Brakel,Zegelsem,,,1,10,,,,11
Buggenhout,Buggenhout,,,126,,,,,126
De Pinte,De Pinte,,,69,,,,,69
De Pinte,Zevergem,,,22,,,,1,23
Deinze,Astene,,,,,,,50,50
Deinze,Bachte-Maria-Leerne,,,,,,,32,32
Deinze,Deinze,,,,,,,90,90
Deinze,Gottem,,,,,,,16,16
Deinze,Grammene,,,,,,,13,13
Deinze,Meigem,,,,,,,19,19
Deinze,Petegem-aan-de-Leie,,,,,,,121,121
Deinze,Sint-Martens-Leerne,,,5,,,,11,16
Deinze,Vinkt,,,,,,,19,19
Deinze,Wontergem,,,,,,,19,19
Deinze,Zeveren,,,,,,,10,10
Denderleeuw,Denderleeuw,,56,,,,,14,70
Denderleeuw,Iddergem,,,,,,,15,15
Denderleeuw,Welle,,7,,,,,17,24
Dendermonde,Appels,,24,,,,,,24
Dendermonde,Baasrode,,1,60,,,,,61
Dendermonde,Dendermonde,,120,2,,,,1,123
Dendermonde,Grembergen,1,,,,,,49,50
Dendermonde,Mespelare,,4,,,,,,4
Dendermonde,Oudegem,,34,,,,,,34
Dendermonde,Schoonaarde,,24,,,,,,24
Dendermonde,Sint-Gillis-Bij-Dendermonde,,57,72,,,,,129
Destelbergen,Destelbergen,,,,,,83,3,86
Destelbergen,Heusden,,,,,,74,,74
Eeklo,Eeklo,,,,,,,222,222
Erpe-Mere,Aaigem,,,,3,,,12,15
Erpe-Mere,Bambrugge,,,,,,,12,12
Erpe-Mere,Burst,,,,,,,23,23
Erpe-Mere,Erondegem,,,,,,,20,20
Erpe-Mere,Erpe,1,,,,,,52,53
Erpe-Mere,Mere,,,,,,,36,36
Erpe-Mere,Ottergem,,,,,,,7,7
Erpe-Mere,Vlekkem,,,,,,,5,5
Evergem,Ertvelde,,,76,,,,10,86
Evergem,Evergem,,,,,,,191,191
Evergem,Sleidinge,,,,,,,64,64
Gavere,Asper,,,,,,,50,50
Gavere,Baaigem,,,,,,,7,7
Gavere,Dikkelvenne,,,,,,,23,23
Gavere,Gavere,,,,,,,29,29
Gavere,Semmerzake,,,,,,,12,12
Gavere,Vurste,,,,,,1,10,11
Gent,Drongen,,,123,,,,24,147
Gent,Gent Muide-Sifferdok,,,,,,,100,100
Gent,Gentbrugge,,,,,,58,12,70
Gent,Gent-Centrum,,,8,,,8,622,638
Gent,Gent-Zuid,,,4,,,,90,94
Gent,Ledeberg,,,,,,48,25,73
Gent,Mariakerke,,,,,,,99,99
Gent,Oostakker,,,,,,150,62,212
Gent,Sint-Amandsberg,,,,,,101,22,123
Gent,Sint-Denijs-Westrem,,,117,,,,1,118
Gent,Wondelgem,,,,,,,83,83
Gent,Zwijnaarde,,,77,,,,7,84
Geraardsbergen,Geraardsbergen,,,,51,,,,51
Geraardsbergen,Goeferdinge,,,,17,,,,17
Geraardsbergen,Grimminge,,,,6,,,,6
Geraardsbergen,Idegem,,,,10,,,,10
Geraardsbergen,Moerbeke,,,,16,,,,16
Geraardsbergen,Nederboelare,,,,15,,,,15
Geraardsbergen,Nieuwenhove,,,,1,,,3,4
Geraardsbergen,Onkerzele,,,,30,,,,30
Geraardsbergen,Ophasselt,,,,21,,,,21
Geraardsbergen,Overboelare,,,,31,,,,31
Geraardsbergen,Schendelbeke,,,,36,,,,36
Geraardsbergen,Smeerebbe-Vloerzegem,,,,5,,,,5
Geraardsbergen,Viane,,,,12,,,,12
Geraardsbergen,Waarbeke,,,,4,,,,4
Geraardsbergen,Zandbergen,,,,10,,,5,15
Geraardsbergen,Zarlardinge,,,2,11,,,,13
Haaltert,Denderhoutem,,,,,,,41,41
Haaltert,Haaltert,,,,,,,46,46
Haaltert,Heldergem,,,,,,,10,10
Haaltert,Kerksken,,,,,,,13,13
Hamme,Hamme,,,,,,,174,174
Hamme,Moerzeke,,,,,,,39,39
Herzele,Borsbeke,,,,14,,,,14
Herzele,Herzele,,,,37,,,,37
Herzele,Hillegem,,,,17,,,,17
Herzele,Ressegem,,,,6,,,,6
Herzele,Sint-Antelinks,,,,1,,,4,5
Herzele,Sint-Lievens-Esse,,,,17,,,,17
Herzele,Steenhuize-Wijnhuize,,,,16,,,,16
Herzele,Woubrechtegem,,,,3,,,2,5
Horebeke,Sint-Kornelis-Horebeke,,,,,,,8,8
Horebeke,Sint-Maria-Horebeke,,,5,,,,16,21
Kaprijke,Kaprijke,,,,,,,30,30
Kaprijke,Lembeke,,,,,,,44,44
Kluisbergen,Berchem,,,1,,,,29,30
Kluisbergen,Kwaremont,,,,,,,17,17
Kluisbergen,Ruien,,,,,,,35,35
Kluisbergen,Zulzeke,,,1,,,,13,14
Knesselare,Knesselare,,,,,,53,,53
Knesselare,Ursel,,,,,,31,4,35
Kruibeke,Bazel,,,,,,,42,42
Kruibeke,Kruibeke,,,,,,,64,64
Kruibeke,Rupelmonde,,,,,,,16,16
Kruishoutem,Kruishoutem,,,2,,,,104,106
Kruishoutem,Lozer-Kern,,,3,,,,14,17
Kruishoutem,Nokere,,,,,,,21,21
Kruishoutem,Wannegem-Lede,,,15,,,,2,17
Laarne,Kalken,7,,,,,43,,50
Laarne,Laarne,2,,,,,55,,57
Lebbeke,Denderbelle,,17,,,,,,17
Lebbeke,Lebbeke,,38,55,,,,13,106
Lebbeke,Wieze,,16,,,,,8,24
Lede,Impe,9,,,,,,,9
Lede,Lede,76,,,,,,,76
Lede,Oordegem,34,,,,,,,34
Lede,Smetlede,8,,,,,,,8
Lede,Wanzele,4,,,,,,,4
Lierde,Deftinge,,,,14,,,,14
Lierde,Hemelveerdegem,,,,4,,,,4
Lierde,Sint-Maria-Lierde,,,,22,,,,22
Lierde,Sint-Martens-Lierde,,,,13,,,,13
Lochristi,Beervelde,,,,,,32,8,40
Lochristi,Lochristi,,,,,,4,118,122
Lochristi,Zaffelare,,,,,,5,30,35
Lochristi,Zeveneken,,,,,,,31,31
Lokeren,Daknam,7,,,,,,,7
Lokeren,Eksaarde,1,,,,,,38,39
Lokeren,Lokeren,157,,,,,1,190,348
Lovendegem,Lovendegem,,,,,,,71,71
Lovendegem,Vinderhoute,,,,,,,10,10
Maarkedal,Etikhove,,,21,,,,15,36
Maarkedal,Maarke-Kerkem,,,12,,,,,12
Maarkedal,Nukerke,,,6,,,,24,30
Maarkedal,Schorisse,,,18,,,,2,20
Maldegem,Adegem,,,,,,,71,71
Maldegem,Maldegem,,,,,,36,155,191
Maldegem,Middelburg,,,,,,,10,10
Melle,Gontrode,,,,,,10,,10
Melle,Melle,,,,,,77,36,113
Merelbeke,Bottelare,,,,,,20,,20
Merelbeke,Melsen,,,,,,11,,11
Merelbeke,Merelbeke,,,2,,,86,73,161
Merelbeke,Munte,,,,,,10,,10
Merelbeke,Schelderode,,,,,,19,,19
Moerbeke,Moerbeke-Waas,43,,,,,5,15,63
Nazareth,Eke,,,,,,,71,71
Nazareth,Nazareth,,,,,,,108,108
Nevele,Hansbeke,,,19,,,2,,21
Nevele,Landegem,,,34,,,,1,35
Nevele,Merendree,,,13,,,,10,23
Nevele,Nevele,,,46,,,,1,47
Nevele,Poesele,,,3,,,4,,7
Nevele,Vosselare,,,17,,,,,17
Ninove,Appelterre-Eichem,,,,,,,23,23
Ninove,Aspelare,,,,,,,12,12
Ninove,Denderwindeke,,,,,,,29,29
Ninove,Lieferinge,,,,,,,2,2
Ninove,Meerbeke,,,,,,,38,38
Ninove,Nederhasselt,,,,,,,7,7
Ninove,Neigem,,,,,,,2,2
Ninove,Ninove,,,,,,,136,136
Ninove,Okegem,,,,,,,12,12
Ninove,Outer,,,,,,,26,26
Ninove,Pollare,,,,,,,7,7
Ninove,Voorde,,,,6,,,6,12
Oosterzele,Balegem,31,,,,,,,31
Oosterzele,Gijzenzele,,,,,,9,,9
Oosterzele,Landskouter,,,,,,6,,6
Oosterzele,Moortsele,,,,,,10,,10
Oosterzele,Oosterzele,14,,,,,20,,34
Oosterzele,Scheldewindeke,4,,,,,39,,43
Oudenaarde,Heurne,,,9,,,,,9
Oudenaarde,Mater,,,18,,,,9,27
Oudenaarde,Melden,,,28,,,,3,31
Oudenaarde,Mullem,,,8,,,,,8
Oudenaarde,Oudenaarde,,,318,,,,,318
Oudenaarde,Welden,,,9,,,,3,12
Ronse,Ronse,,,1,,,,256,257
Sint-Gillis-Waas,De Klinge,,17,,,,,1,18
Sint-Gillis-Waas,Meerdonk,,,,,,,14,14
Sint-Gillis-Waas,Peisels en Verre,,5,,,,,,5
Sint-Gillis-Waas,Sint-Gillis-Waas,,89,,,,,1,90
Sint-Gillis-Waas,Sint-Pauwels,,42,,,,,,42
Sint-Laureins,Sint-Jan-in-Eremo,,,,,,,15,15
Sint-Laureins,Sint-Laureins,,,,,,,41,41
Sint-Laureins,Sint-Margriete,,,,,,,11,11
Sint-Laureins,Waterland-Oudeman,,,,,,,8,8
Sint-Laureins,Watervliet,,,,,,,26,26
Sint-Lievens-Houtem,Bavegem,17,,,,,,,17
Sint-Lievens-Houtem,Letterhoutem,10,,,,,,,10
Sint-Lievens-Houtem,Sint-Lievens-Houtem,38,,,,,,,38
Sint-Lievens-Houtem,Vlierzele,21,,,,,,,21
Sint-Lievens-Houtem,Zonnegem,5,,,,,,,5
Sint-Martens-Latem,Deurle,,,35,,,,,35
Sint-Martens-Latem,Sint-Martens-Latem,,,76,,,,,76
Sint-Niklaas,Belsele,63,9,,,,,12,84
Sint-Niklaas,Nieuwkerken-Waas,,46,,,,,4,50
Sint-Niklaas,Sinaai-Waas,36,11,,,,,2,49
Sint-Niklaas,Sint-Niklaas,87,67,,,,,336,490
Stekene,Kemzeke,,28,,,,,,28
Stekene,Klein Sinaai-Kern,2,9,,,,,,11
Stekene,Stekene,,121,,,,,,121
Temse,Elversele,15,,,,,,6,21
Temse,Steendorp,,,,,,,19,19
Temse,Temse,,,,,,,212,212
Temse,Tielrode,14,,,,,,11,25
Waarschoot,Waarschoot,,,,,,,75,75
Waasmunster,Waasmunster,106,,,,,,,106
Wachtebeke,Wachtebeke,2,,,,,77,,79
Wetteren,Massemen,13,,,,,4,,17
Wetteren,Westrem,12,,,,,1,,13
Wetteren,Wetteren,149,,,,,76,,225
Wichelen,Schellebelle,30,,,,,,,30
Wichelen,Serskamp,22,,,,,,,22
Wichelen,Wichelen,40,,,,,,,40
Wortegem-Petegem,Elsegem,,,9,,,,4,13
Wortegem-Petegem,Moregem en Ooike,,,14,,,,4,18
Wortegem-Petegem,Petegem-aan-de-Schelde,,,27,,,,,27
Wortegem-Petegem,Wortegem,,,1,,,,35,36
Zele,Zele,192,,,,,,7,199
Zelzate,Zelzate,,,,,,58,34,92
Zingem,Huise,,,21,,,,9,30
Zingem,Ouwegem,,,1,,,,15,16
Zingem,Zingem,,,5,,,,24,29
Zomergem,Oostwinkel,,,,,,,9,9
Zomergem,Ronsele,,,,,,,6,6
Zomergem,Zomergem,,,,,,25,57,82
Zottegem,Elene en Oombergen,1,,,17,,,,18
Zottegem,Erwetegem,,,,21,,,,21
Zottegem,Godveerdegem,,,,10,,,,10
Zottegem,Grotenberge,,,,30,,,,30
Zottegem,Leeuwergem,,,,25,,,,25
Zottegem,Sint-Goriks-Oudenhove,,,,6,,,,6
Zottegem,Sint-Maria-Oudenhove,,,,12,,,,12
Zottegem,Strijpen,,,,28,,,,28
Zottegem,Velzeke-Ruddershove,,,,27,,,,27
Zottegem,Zottegem,,,,57,,,,57
Zulte,Machelen,,,,,,,47,47
Zulte,Olsene,,,,,,,53,53
Zulte,Zulte,,,,,,,85,85
Zwalm,Beerlegem,,,,,,,4,4
Zwalm,Dikkele,,,,,,,2,2
Zwalm,Hundelgem,,,,,,,5,5
Zwalm,Meilegem,,,,,,,5,5
Zwalm,Munkzwalm,,,,,,,18,18
Zwalm,Nederzwalm-Hermelgem,,,,,,,8,8
Zwalm,Paulatem,,,,,,,2,2
Zwalm,Roborst,,,,,,,10,10
Zwalm,Rozebeke,,,,,,,3,3
Zwalm,Sint-Blasius-Boekel,,,,,,,11,11
Zwalm,Sint-Denijs-Boekel,,,,,,,14,14
Zwalm,Sint-Maria-Latem,,,,,,,7,7
Aarschot,Aarschot,,,,,,195,,195
Aarschot,Gelrode,,,,,,12,1,13
Aarschot,Langdorp,,,,,,59,2,61
Aarschot,Rillaar,,,,,,37,,37
Affligem,Essene,,25,,,,,,25
Affligem,Hekelgem,,24,,,,,7,31
Affligem,Teralfene,,17,,,,,,17
Asse,Asse,,72,1,,,,45,118
Asse,Bekkerzeel,,,,,,,4,4
Asse,Kobbegem,,,,,,,22,22
Asse,Mollem,,,11,,,,34,45
Asse,Relegem,,,,,,,15,15
Asse,Zellik,,,,,,,96,96
Beersel,Alsemberg,,,,,35,,10,45
Beersel,Beersel,,,,,6,,31,37
Beersel,Dworp,,,,,,,42,42
Beersel,Huizingen,,,,,,,47,47
Beersel,Lot,,,,,,,56,56
Begijnendijk,Begijnendijk,,,,,,36,,36
Begijnendijk,Betekom,,,,,,32,,32
Bekkevoort,Assent,,,,,18,,10,28
Bekkevoort,Bekkevoort,,,,,32,,,32
Bekkevoort,Molenbeek-Wersbeek,,,,,15,,,15
Bertem,Bertem,30,,,,,,,30
Bertem,Korbeek-Dijle,6,,,,,,,6
Bertem,Leefdaal,20,,,6,,,,26
Bever,Bever,,,,20,,,,20
Bierbeek,Bierbeek,,,,,,,37,37
Bierbeek,Korbeek-Lo,,,,,,,39,39
Bierbeek,Lovenjoel,,,,,,,25,25
Bierbeek,Opvelp,,,,,,,4,4
Boortmeerbeek,Boortmeerbeek,,65,,,,,,65
Boortmeerbeek,Hever,,41,,,,,,41
Boutersem,Boutersem,,,,,,,27,27
Boutersem,Kerkom,,,,,,,7,7
Boutersem,Neervelp,,,,,,,13,13
Boutersem,Roosbeek,,,,,,,18,18
Diest,Deurne,,,,,,,16,16
Diest,Diest,,,,,,,101,101
Diest,Kaggevinne,,,,,,,17,17
Diest,Molenstede,,,,,,,42,42
Diest,Schaffen,,,,,,,48,48
Diest,Webbekom,,,,,1,,52,53
Dilbeek,Dilbeek,,,,,35,,84,119
Dilbeek,Groot-Bijgaarden,,,,,5,,108,113
Dilbeek,Itterbeek,,,,,25,,7,32
Dilbeek,Schepdaal,,,,,39,,,39
Dilbeek,Sint-Martens-Bodegem,,,,,17,,,17
Dilbeek,Sint-Ulriks-Kapelle,,1,,,11,,3,15
Drogenbos,Drogenbos,,,,,,,79,79
Galmaarden,Galmaarden,,,,31,,,,31
Galmaarden,Tollembeek,,,,25,,,,25
Galmaarden,Vollezele,,,,16,,,,16
Geetbets,Geetbets,,,,,30,,,30
Geetbets,Grazen,,,,,4,,,4
Geetbets,Rummen,,,,,24,,,24
Glabbeek,Attenrode,,,,,9,,,9
Glabbeek,Bunsbeek,,,,,12,,1,13
Glabbeek,Glabbeek-Zuurbemde,,,,,22,,,22
Glabbeek,Kapellen,,,,,7,,,7
Gooik,Gooik,,,,35,,,,35
Gooik,Kester,,,,16,,,,16
Gooik,Leerbeek,,,,7,,,,7
Gooik,Oetingen,,,,17,,,,17
Grimbergen,Beigem,,,,,,,7,7
Grimbergen,Grimbergen,,,,,,,123,123
Grimbergen,Humbeek,,,,,,,32,32
Grimbergen,Strombeek-Bever,,,,,,,73,73
Haacht,Haacht,,56,,,,,,56
Haacht,Tildonk,,36,,,,,1,37
Haacht,Wespelaar,,36,,,,,,36
Halle,Buizingen,,,,,,,39,39
Halle,Halle,,,,1,,,174,175
Halle,Lembeek,,,,,,,44,44
Herent,Herent,,25,,,,,58,83
Herent,Veltem-Beisem,,11,,,,,22,33
Herent,Winksele,,11,,,,,25,36
Herne,Herfelingen,,,,19,,,,19
Herne,Herne,,,,41,,,,41
Herne,Sint-Pieters-Kapelle,,,,11,,,,11
Hoegaarden,Hoegaarden,,47,,,,,,47
Hoegaarden,Meldert,,9,,,,,,9
Hoegaarden,Outgaarden,,5,,,,,1,6
Hoeilaart,Hoeilaart,,,,,78,,,78
Holsbeek,Holsbeek,,,,,,,34,34
Holsbeek,Kortrijk-Dutsel,,,,,,1,11,12
Holsbeek,Nieuwrode,,,,,,18,1,19
Holsbeek,Sint-Pieters-Rode,,,,,,,10,10
Huldenberg,Huldenberg,33,,,,,,,33
Huldenberg,Loonbeek,7,,,,,,,7
Huldenberg,Neerijse,19,,,,,,,19
Huldenberg,Ottenburg,12,,,,,,,12
Huldenberg,Sint-Agatha-Rode,14,,,,,,1,15
Kampenhout,Berg,,,,,,,28,28
Kampenhout,Buken,,4,,,,,,4
Kampenhout,Kampenhout,,60,,,,,13,73
Kampenhout,Nederokkerzeel,,21,,,,,,21
Kapelle-op-den-Bos,Kapelle-op-den-Bos,,,,,30,,,30
Kapelle-op-den-Bos,Nieuwenrode,,,,,18,,,18
Kapelle-op-den-Bos,Ramsdonk,,,,,15,,,15
Keerbergen,Keerbergen,,84,,,,,13,97
Kortenaken,Hoeleden,,,,,13,,,13
Kortenaken,Kersbeek-Miskom,,,,,17,,,17
Kortenaken,Kortenaken,,,,,23,,,23
Kortenaken,Ransberg,,,,,7,,,7
Kortenaken,Waanrode,,,,,9,,,9
Kortenberg,Erps-Kwerps,,,,,,,55,55
Kortenberg,Everberg,8,,,19,,,,27
Kortenberg,Kortenberg,,,,,,,57,57
Kortenberg,Meerbeek,17,,,,,,,17
Kraainem,Kraainem,,,,9,,,60,69
Landen,Attenhoven,,11,,,,,,11
Landen,Eliksem,,4,,,,,,4
Landen,Ezemaal,,3,,,,,,3
Landen,Laar,,3,,,,,,3
Landen,Landen,,60,,,,,1,61
Landen,Neerlanden,,5,,,,,,5
Landen,Neerwinden,,8,,,,,,8
Landen,Overwinden,,5,,,,,,5
Landen,Rumsdorp,,2,,,,,,2
Landen,Walshoutem,,25,,,,,,25
Landen,Wange,,2,,,,,,2
Lennik,Gaasbeek,,,,,6,,1,7
Lennik,Sint-Kwintens-Lennik,,,,,56,,,56
Lennik,Sint-Martens-Lennik,,,,,21,,,21
Leuven,Heverlee,,,,,,,241,241
Leuven,Ijzeren Brugje,,,,,,,22,22
Leuven,Kessel-Lo,,,,,,,150,150
Leuven,Leuven,,,,,,,320,320
Leuven,Wijgmaal,,,,,,,22,22
Leuven,Wilsele,,,,,,,78,78
Liedekerke,Liedekerke,,,,,62,,,62
Linkebeek,Linkebeek,,,,,23,,2,25
Linter,Drieslinter,,,,,6,,,6
Linter,Melkwezer,,4,,,1,,,5
Linter,Neerhespen,,5,,,,,,5
Linter,Neerlinter,,,,,10,,,10
Linter,Orsmaal-Gussenhoven,,4,,,,,,4
Linter,Overhespen,,7,,,,,,7
Linter,Wommersom,,,,,11,,1,12
Londerzeel,Londerzeel,,,53,,69,,,122
Londerzeel,Malderen,,,23,,,,,23
Londerzeel,Steenhuffel,,,20,,,,,20
Lubbeek,Binkom,,,,,10,,,10
Lubbeek,Linden,,,,,,,28,28
Lubbeek,Lubbeek,,,,,,,56,56
Lubbeek,Pellenberg,,,,,,,19,19
Machelen,Diegem,,,,,,,117,117
Machelen,Machelen,,,,,,,80,80
Meise,Meise,,,,,,,59,59
Meise,Wolvertem,,,,,1,,67,68
Merchtem,Brussegem,,,25,,,,6,31
Merchtem,Hamme,,,,,,,5,5
Merchtem,Merchtem,,,103,,,,,103
Opwijk,Mazenzele,,,5,,,,2,7
Opwijk,Opwijk,,,85,,,,,85
Oud-Heverlee,Blanden,,,,,,,20,20
Oud-Heverlee,Haasrode,,,,,,,20,20
Oud-Heverlee,Oud-Heverlee,,,,,,,25,25
Oud-Heverlee,Sint-Joris-Weert,,,,,,,15,15
Oud-Heverlee,Vaalbeek,,,,,,,4,4
Overijse,Overijse,46,,,,166,,,212
Pepingen,Beert,,,,3,,,,3
Pepingen,Bellingen,,,,8,,,,8
Pepingen,Bogaarden,,,,4,,,,4
Pepingen,Elingen,,,,4,,,,4
Pepingen,Heikruis,,,,7,,,,7
Pepingen,Pepingen,,,,18,,,,18
Roosdaal,Borchtlombeek,,,,,12,,,12
Roosdaal,Roosdaal,,,,,63,,,63
Rotselaar,Rotselaar,,2,,,,,86,88
Rotselaar,Werchter,,33,,,,,,33
Rotselaar,Wezemaal,,,,,,1,32,33
Scherpenheuvel-Zichem,Averbode,,,,,,,27,27
Scherpenheuvel-Zichem,Diestersteenweg,,,,,,,11,11
Scherpenheuvel-Zichem,Messelbroek,,,,,,16,,16
Scherpenheuvel-Zichem,Scherpenheuvel,,,,,,7,36,43
Scherpenheuvel-Zichem,Testelt,,,,,,15,5,20
Scherpenheuvel-Zichem,Zichem,,,,,,6,42,48
Sint-Genesius-Rode,Sint-Genesius-Rode,6,,1,,164,,1,172
Sint-Pieters-Leeuw,Oudenaken,,,,,,,3,3
Sint-Pieters-Leeuw,Ruisbroek,,,,,,,37,37
Sint-Pieters-Leeuw,Sint-Laureins-Berchem,,,,,,,5,5
Sint-Pieters-Leeuw,Sint-Pieters-Leeuw,,,,,,,212,212
Sint-Pieters-Leeuw,Vlezenbeek,,,,,11,,20,31
Steenokkerzeel,Melsbroek,,,,,,,28,28
Steenokkerzeel,Perk,,,,,,,18,18
Steenokkerzeel,Steenokkerzeel,,,,,,,64,64
Ternat,Sint-Katherina-Lombeek,,23,,,3,,,26
Ternat,Ternat,,86,,,,,,86
Ternat,Wambeek,,1,,,18,,,19
Tervuren,Duisburg,15,,,,,,,15
Tervuren,Tervuren,9,,,71,,,9,89
Tervuren,Vossem,20,,,1,,,,21
Tielt-Winge,Houwaart,,,,,1,9,,10
Tielt-Winge,Meensel,,,,,10,,,10
Tielt-Winge,Sint-Joris-Winge,,,,,32,,,32
Tielt-Winge,Tielt,,,,,38,,,38
Tienen,Bost,,1,,,,,11,12
Tienen,Goetsenhoven,,,,,,,10,10
Tienen,Hakendover,,,,,,,9,9
Tienen,Kumtich,,,,,,,17,17
Tienen,Oorbeek,,6,,,,,5,11
Tienen,Oplinter,,,,,1,,12,13
Tienen,Sint-Margriete-Houtem,,,,,,,5,5
Tienen,Tienen,,,,,,,207,207
Tienen,Vissenaken,,,,,2,,11,13
Tremelo,Baal,,,,,,35,,35
Tremelo,Tremelo,,61,,,,,,61
Vilvoorde,Peutie,,,,,,,12,12
Vilvoorde,Vilvoorde,,,,,,,299,299
Wemmel,Wemmel,,,,,,,80,80
Wezembeek-Oppem,Wezembeek-Oppem,,,,67,,,6,73
Zaventem,Nossegem,,,,2,,,74,76
Zaventem,Sint-Stevens-Woluwe,,,,,,,109,109
Zaventem,Sterrebeek,,,,35,,,5,40
Zaventem,Zaventem,,,,6,,,180,186
Zemst,Elewijt,,31,,,,,,31
Zemst,Eppegem,,34,,,,,6,40
Zemst,Hofstade,,26,,,,,,26
Zemst,Weerde,,16,,,,,,16
Zemst,Zemst,,48,,,1,,,49
Zoutleeuw,Budingen,,,,,18,,,18
Zoutleeuw,Dormaal,,6,,,,,,6
Zoutleeuw,Halle-Booienhoven,,12,,,,,,12
Zoutleeuw,Helen-Bos,,4,,,,,,4
Zoutleeuw,Zoutleeuw,,31,,,1,,,32
Alveringem,Alveringem,,,,,,,47,47
Alveringem,Beveren,,,,,,,19,19
Alveringem,Gijverinkhove,,,,,,,12,12
Alveringem,Hoogstade,,,,,,,10,10
Alveringem,Izenberge,,,,,,,7,7
Alveringem,Leisele,,,,,,,24,24
Alveringem,Stavele,,,,,,,16,16
Anzegem,Anzegem,,,,,,,69,69
Anzegem,Gijzelbrechtegem,,,,,,,3,3
Anzegem,Ingooigem,,,,,,,43,43
Anzegem,Kaster,,,,,,,11,11
Anzegem,Tiegem,,,,,,,30,30
Anzegem,Vichte,,,,8,,,66,74
Ardooie,Ardooie,,,,,,,138,138
Ardooie,Koolskamp,,,,,,,42,42
Avelgem,Avelgem,,,,,,,78,78
Avelgem,Bossuit,,,,,,,7,7
Avelgem,Kerkhove,,,,,,,18,18
Avelgem,Outrijve,,,,,,,11,11
Avelgem,Waarmaarde,,,,,,,8,8
Beernem,Beernem,,,,,91,,4,95
Beernem,Oedelem,,,,,,,68,68
Beernem,Sint-Joris,,,,,9,,8,17
Blankenberge,Blankenberge,,,,,,,128,128
Blankenberge,Uitkerke,,,,,,,64,64
Bredene,Bredene,,,,,,,156,156
Brugge,Assebroek,,,,,,,106,106
Brugge,Brugge,,,,,,,469,469
Brugge,Dudzele,,,,,,,41,41
Brugge,Koolkerke,,,,,,,17,17
Brugge,Lissewege (& Zeebrugge),,,,,,,166,166
Brugge,Sint-Andries,,,,,10,,162,172
Brugge,Sint-Kruis,,,,,,,98,98
Brugge,Sint-Michiels,,,,,1,,131,132
Damme,Afdeling 2-Sint-Kruis,,,,,,,8,8
Damme,Damme,,,,,,,19,19
Damme,Lapscheure,,,,,,,14,14
Damme,Moerkerke,,,,,,,45,45
Damme,Oostkerke en Hoeke,,,,,,,14,14
Damme,Sijsele,,,,,,,51,51
De Haan,Klemskerke,,,,,,,107,107
De Haan,Vlissegem,,,,,,,48,48
De Haan,Wenduine,,,,,,,64,64
De Panne,Adinkerke,,,,,,,45,45
De Panne,De Panne,,,,,,,155,155
Deerlijk,Deerlijk,,,,128,,,48,176
Dentergem,Dentergem,,,,,,,43,43
Dentergem,Markegem,,,,,,,20,20
Dentergem,Oeselgem,,,,,,,27,27
Dentergem,Wakken,,,,,,,40,40
Diksmuide,Beerst,,,,,,,19,19
Diksmuide,Diksmuide,,,,,,,131,131
Diksmuide,Keiem,,,,,,,15,15
Diksmuide,Lampernisse,,,,,,,4,4
Diksmuide,Leke,,,,,,,16,16
Diksmuide,Nieuwkapelle,,,,,,,9,9
Diksmuide,Oostkerke,,,,,,,6,6
Diksmuide,Oudekapelle,,,,,,,8,8
Diksmuide,Pervijze,,,,,,,18,18
Diksmuide,Sint-Jacobs-Kapelle,,,,,,,9,9
Diksmuide,Stuivekenskerke,,,,,,,8,8
Diksmuide,Vladslo,,,,,,,29,29
Diksmuide,Woumen,,,,,,,24,24
Gistel,Gistel,,,,,72,,,72
Gistel,Moere,,,,,8,,,8
Gistel,Snaaskerke,,,,,20,,,20
Gistel,Zevekote,,,,,14,,,14
Harelbeke,Bavikhove,,,,,,,45,45
Harelbeke,Harelbeke,,,,1,,,203,204
Harelbeke,Hulste,,,,,,,46,46
Heuvelland,Dranouter,,,,,,,12,12
Heuvelland,Kemmel,,,,,,,23,23
Heuvelland,Klijte-Dorp,,,,,,,7,7
Heuvelland,Loker,,,,,,,8,8
Heuvelland,Nieuwkerke,,,,,,,23,23
Heuvelland,Westouter,,,,,,,23,23
Heuvelland,Wijtschate,,,,,,,44,44
Heuvelland,Wulvergem,,,,,,,4,4
Hooglede,Gits,,,,,61,,1,62
Hooglede,Hooglede,,,,,7,,71,78
Houthulst,Houthulst,,,,,,,49,49
Houthulst,Klerken,,,,,,,26,26
Houthulst,Merkem,,,,,,,38,38
Houthulst,Ronehoek-Nieuwe Stede,,,,,,,22,22
Ichtegem,Bekegem,,,,,12,,,12
Ichtegem,Eernegem,,,,,78,,,78
Ichtegem,Ichtegem,,,,,80,,,80
Ieper,Boezinge,,,,,,,50,50
Ieper,Brielen,,,,,,,11,11
Ieper,Dikkebus,,,,,,,12,12
Ieper,Elverdinge,,,,,,,29,29
Ieper,Hollebeke,,,,,,,9,9
Ieper,Ieper,,,,,,,290,290
Ieper,Sint-Jan,,,,,,,13,13
Ieper,Vlamertinge,,,,,,,53,53
Ieper,Voormezele,,,,,,,15,15
Ieper,Zillebeke,,,,,,,27,27
Ieper,Zuidschote,,,,,,,11,11
Ingelmunster,Ingelmunster,,,,,,,154,154
Izegem,Izegem,,,,,,,318,318
Izegem,Kachtem,,,,,,,58,58
Jabbeke,Jabbeke,,,,,69,,,69
Jabbeke,Snellegem,,,,,17,,,17
Jabbeke,Stalhille,,,,,18,,,18
Jabbeke,Varsenare,,,,,42,,,42
Jabbeke,Zerkegem,,,,,13,,,13
Knokke-Heist,Heist,,,,,,,133,133
Knokke-Heist,Knokke,,,,,,,245,245
Knokke-Heist,Ramskapelle,,,,,,,9,9
Knokke-Heist,Westkapelle,,,,,,,71,71
Koekelare,Bovekerke,,,,,,,14,14
Koekelare,Koekelare,,,,,67,,4,71
Koekelare,Zande,,,,,1,,4,5
Koksijde,Koksijde,,,,,,,196,196
Koksijde,Oostduinkerke,,,,,1,,158,159
Koksijde,Wulpen,,,,,,,21,21
Kortemark,Handzame,,,,,,,44,44
Kortemark,Kortemark,,,,,2,,94,96
Kortemark,Werken,,,,,,,25,25
Kortemark,Zarren,,,,,,,22,22
Kortrijk,Aalbeke,,,,,,,31,31
Kortrijk,Bellegem,,,,,,,51,51
Kortrijk,Bissegem,,,,,,,48,48
Kortrijk,Heule,,,,14,,,121,135
Kortrijk,Kooigem,,,,,,,14,14
Kortrijk,Kortrijk,,,,11,,,508,519
Kortrijk,Marke,,,,,,,59,59
Kortrijk,Rollegem,,,,,,,36,36
Kuurne,Kuurne,,,,141,,,40,181
Langemark-Poelkapelle,Bikschote,,,,,,,11,11
Langemark-Poelkapelle,Langemark,,,,,,,77,77
Langemark-Poelkapelle,Poelkapelle,,,,,,,43,43
Ledegem,Ledegem,,,,,,,59,59
Ledegem,Rollegem-Kapelle,,,,,,,15,15
Ledegem,Sint-Eloois-Winkel,,,,,,,53,53
Lendelede,Lendelede,,,,,,,61,61
Lichtervelde,Lichtervelde,,,,,101,,2,103
Lo-Reninge,Lo,,,,,,,25,25
Lo-Reninge,Noordschote,,,,,,,10,10
Lo-Reninge,Pollinkhove,,,,,,,23,23
Lo-Reninge,Reninge,,,,,,,36,36
Menen,Lauwe,,,,,,,74,74
Menen,Menen,,,,,,,203,203
Menen,Rekkem,,,,,,,55,55
Mesen,Mesen,,,,,,,8,8
Meulebeke,Meulebeke,,,,96,,,66,162
Middelkerke,Leffinge,,,,,29,,,29
Middelkerke,Lombardsijde,,,,,13,,,13
Middelkerke,Mannekensvere,,,,,6,,,6
Middelkerke,Middelkerke,,,,,182,,,182
Middelkerke,Schore,,,,,6,,,6
Middelkerke,Sint-Pieters-Kapelle,,,,,3,,,3
Middelkerke,Slijpe,,,,,26,,,26
Middelkerke,Westende,,,,,85,,,85
Middelkerke,Wilskerke,,,,,13,,,13
Moorslede,Dadizele,,,,,,,43,43
Moorslede,Moorslede,,,,,,,110,110
Nieuwpoort,Nieuwpoort,,,,,117,,86,203
Nieuwpoort,Ramskapelle,,,,,,,15,15
Nieuwpoort,Sint-Joris,,,,,22,,2,24
Oostende,Nieuwe Koerswijk,,,,,8,,85,93
Oostende,Oostende,,,,,,,299,299
Oostende,Oostende-Stene,,,,,43,,13,56
Oostende,Stene-Dorp,,,,,26,,18,44
Oostende,Voorhaven,,,,,1,,88,89
Oostende,Zandvoorde,,,,,41,,31,72
Oostkamp,Hertsberge,,,,,20,,,20
Oostkamp,Oostkamp,,,,,63,,74,137
Oostkamp,Ruddervoorde,,,,,82,,,82
Oostkamp,Waardamme,,,,,17,,,17
Oostrozebeke,Oostrozebeke,,,,4,,,103,107
Oudenburg,Ettelgem,,,,,16,,,16
Oudenburg,Oudenburg,,,,,57,,,57
Oudenburg,Roksem,,,,,15,,,15
Oudenburg,Westkerke,,,,,17,,,17
Pittem,Egem,,,,,,,37,37
Pittem,Pittem,,,,,,,105,105
Poperinge,Krombeke,,,,,,,17,17
Poperinge,Poperinge,,,,,,,194,194
Poperinge,Proven,,,,,,,27,27
Poperinge,Reningelst,,,,,,,27,27
Poperinge,Roesbrugge-Haringe,,,,,,,21,21
Poperinge,Watou,,,,,,,48,48
Roeselare,Oekene,,,,,,,20,20
Roeselare,Roeselare,,,,,,,569,569
Roeselare,Rumbeke,,,,,,,174,174
Ruiselede,Ruiselede,,,,,,,65,65
Spiere-Helkijn,Helkijn,,,,,,,12,12
Spiere-Helkijn,Spiere,,,,,,,33,33
Staden,Oostnieuwkerke,,,,,,,49,49
Staden,Staden,,,,,,,87,87
Staden,Westrozebeke,,,,,,,40,40
Tielt,Aarsele,,,,47,,,2,49
Tielt,Kanegem,,,,26,,,1,27
Tielt,Schuiferskapelle,,,,,,,18,18
Tielt,Tielt,,,,203,,,30,233
Torhout,Torhout,,,,,21,,165,186
Torhout,Wijnendale,,,,,,,15,15
Veurne,Avekapelle,,,,,,,6,6
Veurne,Beauvoorde,,,,,,,21,21
Veurne,Booitshoeke,,,,,,,3,3
Veurne,Bulskamp,,,,,,,11,11
Veurne,De Moeren,,,,,,,10,10
Veurne,Eggewaartskapelle,,,,,,,6,6
Veurne,Houtem,,,,,,,12,12
Veurne,Steenkerke,,,,,,,47,47
Veurne,Veurne,,,,,,,142,142
Veurne,Zoutenaaie,,,,,,,1,1
Vleteren,Oostvleteren,,,,,,,24,24
Vleteren,Westvleteren,,,,,,,28,28
Vleteren,Woesten,,,,,,,15,15
Waregem,Beveren-Leie,,,,74,,,,74
Waregem,Desselgem,,,,53,,,18,71
Waregem,Sint-Eloois-Vijve,,,,2,,,56,58
Waregem,Waregem,,,,72,,,242,314
Wervik,Geluwe,,,,,,,81,81
Wervik,Wervik,,,,,,,115,115
Wevelgem,Gullegem,,,,,,,108,108
Wevelgem,Moorsele,,,,,,,88,88
Wevelgem,Wevelgem,,,,,,,165,165
Wielsbeke,Ooigem,,,,5,,,34,39
Wielsbeke,Sint-Baafs-Vijve,,,,,,,47,47
Wielsbeke,Wielsbeke,,,,,,,71,71
Wingene,Wingene,,,,,1,,136,137
Wingene,Zwevezele,,,,,102,,,102
Zedelgem,Aartrijke,,,,,69,,,69
Zedelgem,Loppem,,,,,34,,9,43
Zedelgem,Veldegem,,,,,35,,,35
Zedelgem,Zedelgem,,,,,88,,,88
Zonnebeke,Beselare,,,,,,,41,41
Zonnebeke,Geluveld,,,,,,,25,25
Zonnebeke,Passendale,,,,,,,67,67
Zonnebeke,Zandvoorde,,,,,,,10,10
Zonnebeke,Zonnebeke,,,,,,,60,60
Zuienkerke,Houtave,,,,,,,13,13
Zuienkerke,Meetkerke,,,,,,,10,10
Zuienkerke,Nieuwmunster,,,,,,,8,8
Zuienkerke,Zuienkerke,,,,,,,18,18
Zwevegem,Heestert,,,,,,,45,45
Zwevegem,Moen,,,,,,,45,45
Zwevegem,Otegem,,,,,,,32,32
Zwevegem,Sint-Denijs,,,,,,,36,36
Zwevegem,Zwevegem,,,,,,,129,129
